simulation,time,seller,buyer,product,quantity,price
3,2,m_2,f1_0,p0,1,1.0
3,2,m_4,f1_0,p0,1,1.5
3,3,m_0,f1_0,p0,1,1.0
3,4,m_4,f1_0,p0,1,1.0
3,4,m_2,f1_0,p0,1,1.5
3,5,m_1,f1_0,p0,1,1.5
3,5,m_2,f1_0,p0,1,1.5
3,6,m_2,f1_0,p0,1,1.5
3,6,f1_0,f2_0,p1,2,12.0
3,7,m_2,f1_0,p0,1,1.5
3,7,f1_0,f2_0,p1,1,2.5
3,8,f1_0,f2_0,p1,1,2.0
3,8,f2_0,c_1,p2,3,31.5
3,9,m_1,f1_0,p0,1,1.0
3,9,f1_0,f2_0,p1,1,6.0
3,9,f1_0,f2_0,p1,1,3.0
3,9,f2_0,c_0,p2,1,4.5
3,10,m_2,f1_0,p0,1,1.5
3,10,m_3,f1_0,p0,1,1.5
3,10,m_0,f1_0,p0,1,1.0
3,10,f1_0,f2_0,p1,2,12.0
3,11,m_4,f1_0,p0,1,1.0
3,11,m_2,f1_0,p0,1,1.5
3,11,m_0,f1_0,p0,1,1.5
3,11,f1_0,f2_0,p1,1,6.0
3,11,f2_0,c_0,p2,2,21.0
3,12,f1_0,f2_0,p1,1,6.0
3,12,f2_0,c_2,p2,4,42.0
3,13,f1_0,f2_0,p1,1,6.0
3,13,f2_0,c_4,p2,2,21.0
3,14,f1_0,f2_0,p1,1,6.0
3,14,f1_0,f2_0,p1,1,6.0
3,14,f2_0,c_1,p2,2,21.0
3,15,f1_0,f2_0,p1,2,12.0
3,15,f2_0,c_2,p2,3,31.5
3,16,m_2,f1_0,p0,1,1.5
3,16,f2_0,c_4,p2,3,31.5
3,17,f2_0,c_0,p2,2,21.0
3,17,f2_0,c_4,p2,1,10.5
3,18,f2_0,c_1,p2,3,31.5
3,19,f1_0,f2_0,p1,1,6.0
3,19,f2_0,c_0,p2,3,31.5
3,20,f1_0,f2_0,p1,1,6.0
3,21,m_0,f1_0,p0,1,1.5
3,22,f1_0,f2_0,p1,1,6.0
3,23,m_4,f1_0,p0,1,1.5
3,23,m_3,f1_0,p0,1,1.5
3,23,f2_0,c_4,p2,4,42.0
3,23,f2_0,c_1,p2,3,31.5
3,23,f2_0,c_3,p2,1,10.5
3,24,m_1,f1_0,p0,1,1.0
3,24,f1_0,f2_0,p1,1,6.0
3,24,f2_0,c_3,p2,3,31.5
3,25,m_2,f1_0,p0,1,1.5
3,25,m_4,f1_0,p0,1,1.0
3,25,m_3,f1_0,p0,1,1.5
3,25,f1_0,f2_0,p1,1,6.0
3,26,m_4,f1_0,p0,1,1.5
3,26,f2_0,c_0,p2,2,21.0
3,26,f2_0,c_3,p2,3,31.5
3,26,f2_0,c_2,p2,1,10.5
3,27,f1_0,f2_0,p1,1,3.5
3,27,f1_0,f2_0,p1,1,6.0
3,27,f2_0,c_1,p2,3,30.0
3,28,f1_0,f2_0,p1,1,6.0
3,28,f2_0,c_1,p2,2,20.0
3,28,f2_0,c_4,p2,1,10.0
3,29,f2_0,c_2,p2,2,20.0
3,29,f2_0,c_3,p2,1,10.5
3,30,f2_0,c_0,p2,2,20.0
3,30,f2_0,c_3,p2,2,20.0
3,31,f2_0,c_1,p2,1,10.5
3,31,f2_0,c_2,p2,1,10.5
3,36,f1_0,f2_0,p1,1,6.0
3,38,f1_0,f2_0,p1,1,6.0
3,40,m_4,f1_0,p0,1,1.5
3,41,m_3,f1_0,p0,1,1.5
3,41,f1_0,f2_0,p1,1,6.0
3,42,m_0,f1_0,p0,1,1.5
3,42,m_4,f1_0,p0,1,1.0
3,42,m_2,f1_0,p0,1,1.0
3,42,f1_0,f2_0,p1,1,6.0
3,43,m_0,f1_0,p0,1,1.5
3,43,m_2,f1_0,p0,1,1.5
3,43,f1_0,f2_0,p1,1,6.0
3,44,f1_0,f2_0,p1,1,6.0
3,45,m_1,f1_0,p0,1,1.5
3,45,f1_0,f2_0,p1,1,6.0
3,45,f2_0,c_4,p2,4,42.0
3,45,f2_0,c_3,p2,4,42.0
3,45,f2_0,c_1,p2,4,42.0
3,45,f2_0,c_2,p2,1,8.5
3,46,f1_0,f2_0,p1,1,6.0
3,46,f2_0,c_0,p2,2,21.0
3,47,f1_0,f2_0,p1,1,6.0
3,48,f2_0,c_3,p2,2,21.0
3,48,f2_0,c_0,p2,2,21.0
3,49,f2_0,c_4,p2,2,20.0
3,54,m_0,f1_0,p0,1,1.5
3,57,m_4,f1_0,p0,1,1.5
3,57,m_2,f1_0,p0,1,1.5
3,57,f1_0,f2_0,p1,1,6.0
3,58,m_0,f1_0,p0,1,1.0
3,58,m_3,f1_0,p0,1,1.5
3,58,f1_0,f2_0,p1,1,6.0
3,58,f1_0,f2_0,p1,1,6.0
3,59,m_0,f1_0,p0,1,1.5
3,59,f1_0,f2_0,p1,1,6.0
3,60,m_1,f1_0,p0,1,1.5
3,60,f1_0,f2_0,p1,1,6.0
3,60,f2_0,c_2,p2,3,31.5
3,60,f2_0,c_0,p2,2,20.0
3,60,f2_0,c_1,p2,1,10.5
3,61,m_1,f1_0,p0,1,1.5
3,61,f1_0,f2_0,p1,1,6.0
3,62,m_2,f1_0,p0,1,1.0
3,62,m_4,f1_0,p0,1,1.5
3,62,f1_0,f2_0,p1,1,6.0
3,63,f1_0,f2_0,p1,1,6.0
3,63,f2_0,c_3,p2,3,31.5
3,63,f2_0,c_1,p2,1,10.5
3,64,m_1,f1_0,p0,1,1.5
3,64,m_4,f1_0,p0,1,1.5
3,64,f1_0,f2_0,p1,1,6.0
3,64,f2_0,c_0,p2,2,20.0
3,65,m_2,f1_0,p0,2,2.0
3,65,f1_0,f2_0,p1,1,6.0
3,65,f2_0,c_3,p2,2,20.0
3,66,f1_0,f2_0,p1,1,6.0
3,66,f1_0,f2_0,p1,1,6.0
3,66,f2_0,c_0,p2,2,21.0
3,66,f2_0,c_4,p2,1,10.5
3,67,f1_0,f2_0,p1,2,12.0
3,67,f2_0,c_4,p2,2,20.0
3,67,f2_0,c_2,p2,1,10.0
3,68,f2_0,c_4,p2,1,10.0
3,68,f2_0,c_0,p2,2,21.0
3,69,f2_0,c_0,p2,2,21.0
3,69,f2_0,c_2,p2,1,10.5
3,80,f2_0,c_0,p2,1,10.0
3,80,f2_0,c_2,p2,2,20.0
3,80,f2_0,c_4,p2,2,20.0
3,80,f2_0,c_1,p2,1,10.5
3,81,f2_0,c_4,p2,1,10.5
3,92,m_0,f1_0,p0,1,1.5
3,92,m_2,f1_0,p0,1,1.5
3,94,f1_0,f2_0,p1,1,6.0
3,99,f2_0,c_2,p2,2,21.0
10,4,m_3,f1_0,p0,1,1.5
10,6,f1_0,f2_0,p1,1,6.5
10,8,m_1,f1_0,p0,1,1.5
10,8,f2_0,c_0,p2,1,4.5
10,9,m_0,f1_0,p0,1,1.0
10,9,m_3,f1_0,p0,1,1.5
10,9,m_1,f1_0,p0,1,1.5
10,9,m_2,f1_0,p0,1,1.5
10,9,f1_0,f2_0,p1,1,6.5
10,9,f2_0,c_0,p2,2,19.0
10,10,m_3,f1_0,p0,1,1.0
10,10,f1_0,f2_0,p1,1,6.5
10,11,f1_0,f2_0,p1,1,6.5
10,11,f2_0,c_2,p2,2,19.0
10,12,m_4,f1_0,p0,1,1.5
10,12,f1_0,f2_0,p1,1,6.5
10,12,f2_0,c_2,p2,2,19.0
10,13,f1_0,f2_0,p1,1,6.5
10,13,f2_0,c_1,p2,2,19.0
10,14,f1_0,f2_0,p1,1,6.5
10,14,f2_0,c_0,p2,2,19.0
10,15,f2_0,c_1,p2,2,19.0
10,16,f2_0,c_3,p2,1,9.5
10,16,f2_0,c_2,p2,1,9.5
10,24,f1_0,f2_0,p1,1,6.5
10,24,f2_0,c_1,p2,3,28.5
10,25,f2_0,c_2,p2,1,9.5
10,29,f2_0,c_3,p2,2,19.0
10,41,m_4,f1_0,p0,1,1.0
10,42,m_2,f1_0,p0,1,1.5
10,42,f1_0,f2_0,p1,1,6.5
10,43,f1_0,f2_0,p1,1,6.5
10,47,m_4,f1_0,p0,1,1.5
10,48,m_1,f1_0,p0,1,1.5
10,49,f1_0,f2_0,p1,1,6.5
10,49,f2_0,c_0,p2,4,38.0
10,49,f2_0,c_1,p2,2,19.0
10,49,f2_0,c_2,p2,1,9.5
10,50,m_3,f1_0,p0,1,1.5
10,50,f1_0,f2_0,p1,1,6.5
10,50,f2_0,c_3,p2,2,19.0
10,51,m_0,f1_0,p0,1,1.0
10,51,m_1,f1_0,p0,1,1.0
10,51,f1_0,f2_0,p1,1,6.5
10,51,f2_0,c_4,p2,1,9.5
10,51,f2_0,c_0,p2,1,9.5
10,52,f1_0,f2_0,p1,1,6.5
10,52,f2_0,c_0,p2,1,9.5
10,52,f2_0,c_1,p2,1,9.5
10,53,f1_0,f2_0,p1,1,6.5
10,53,f2_0,c_3,p2,3,28.5
10,54,f2_0,c_3,p2,3,28.5
10,55,f2_0,c_4,p2,3,18.0
10,56,f2_0,c_1,p2,3,28.5
10,59,m_4,f1_0,p0,1,1.5
10,61,m_2,f1_0,p0,1,1.5
10,61,f1_0,f2_0,p1,1,6.5
10,63,f1_0,f2_0,p1,1,6.5
10,65,m_1,f1_0,p0,1,1.0
10,65,m_0,f1_0,p0,1,0.5
10,67,f1_0,f2_0,p1,1,6.5
10,67,f1_0,f2_0,p1,1,6.5
10,67,f2_0,c_2,p2,2,19.0
10,67,f2_0,c_0,p2,4,38.0
10,67,f2_0,c_3,p2,1,9.5
10,68,f2_0,c_4,p2,2,19.0
10,69,f2_0,c_3,p2,1,9.5
10,69,f2_0,c_1,p2,1,9.5
10,70,f2_0,c_2,p2,2,19.0
10,76,m_2,f1_0,p0,1,1.0
10,77,m_1,f1_0,p0,1,1.5
10,77,m_0,f1_0,p0,1,1.5
10,78,f1_0,f2_0,p1,1,6.5
10,79,m_4,f1_0,p0,1,1.5
10,79,f1_0,f2_0,p1,1,6.5
10,80,f1_0,f2_0,p1,1,6.5
10,81,f1_0,f2_0,p1,1,6.5
10,82,m_0,f1_0,p0,1,1.0
10,83,m_1,f1_0,p0,1,1.0
10,83,f1_0,f2_0,p1,1,6.5
10,84,m_2,f1_0,p0,1,1.5
10,84,f1_0,f2_0,p1,1,6.5
10,85,m_0,f1_0,p0,1,1.0
10,85,f1_0,f2_0,p1,1,6.5
10,86,m_2,f1_0,p0,1,1.5
10,86,f1_0,f2_0,p1,1,6.5
10,86,f2_0,c_2,p2,2,3.0
10,86,f2_0,c_4,p2,2,19.0
10,86,f2_0,c_0,p2,2,19.0
10,86,f2_0,c_3,p2,2,19.0
10,87,m_2,f1_0,p0,1,1.5
10,87,m_4,f1_0,p0,1,1.5
10,87,f1_0,f2_0,p1,1,2.0
10,87,f2_0,c_4,p2,2,19.0
10,88,m_0,f1_0,p0,1,1.5
10,88,m_0,f1_0,p0,1,1.0
10,88,f1_0,f2_0,p1,1,2.5
10,88,f2_0,c_4,p2,2,19.0
10,89,f1_0,f2_0,p1,1,6.5
10,89,f2_0,c_3,p2,2,19.0
10,90,m_2,f1_0,p0,1,1.5
10,90,m_4,f1_0,p0,1,1.5
10,90,f1_0,f2_0,p1,2,13.0
10,90,f2_0,c_3,p2,2,19.0
10,90,f2_0,c_0,p2,1,9.5
10,91,f1_0,f2_0,p1,1,3.0
10,91,f1_0,f2_0,p1,1,6.5
10,91,f2_0,c_3,p2,2,19.0
10,91,f2_0,c_0,p2,1,9.5
10,92,f2_0,c_4,p2,3,28.5
10,93,f2_0,c_4,p2,1,9.5
10,93,f2_0,c_3,p2,2,19.0
10,94,f2_0,c_2,p2,3,28.5
10,95,f2_0,c_0,p2,3,28.5
11,4,m_2,f1_0,p0,1,1.5
11,4,m_1,f1_0,p0,1,1.0
11,5,m_1,f1_0,p0,1,1.5
11,6,f1_0,f2_0,p1,1,6.5
11,7,m_4,f1_0,p0,1,1.0
11,7,m_2,f1_0,p0,1,1.5
11,7,m_1,f1_0,p0,1,1.0
11,7,m_0,f1_0,p0,1,1.5
11,7,f1_0,f2_0,p1,1,6.5
11,9,f1_0,f2_0,p1,2,13.0
11,9,f2_0,c_0,p2,2,25.0
11,10,f1_0,f2_0,p1,1,3.0
11,10,f2_0,c_2,p2,1,4.5
11,11,f2_0,c_0,p2,3,37.5
11,13,m_4,f1_0,p0,1,1.0
11,13,f1_0,f2_0,p1,2,13.0
11,14,m_1,f1_0,p0,1,1.5
11,14,f1_0,f2_0,p1,1,6.5
11,14,f2_0,c_2,p2,2,25.0
11,14,f2_0,c_4,p2,1,12.5
11,15,m_2,f1_0,p0,1,1.0
11,15,m_4,f1_0,p0,1,1.5
11,15,f1_0,f2_0,p1,1,6.5
11,15,f2_0,c_3,p2,3,37.5
11,16,f1_0,f2_0,p1,1,6.5
11,16,f2_0,c_2,p2,2,25.0
11,16,f2_0,c_0,p2,1,12.5
11,17,f1_0,f2_0,p1,1,6.5
11,17,f2_0,c_1,p2,3,37.5
11,18,f2_0,c_2,p2,3,37.5
11,19,f2_0,c_2,p2,2,24.0
11,19,f2_0,c_1,p2,1,12.0
11,26,f2_0,c_3,p2,3,37.5
11,26,f2_0,c_4,p2,1,12.5
11,27,m_1,f1_0,p0,1,1.5
11,27,m_2,f1_0,p0,1,1.5
11,28,m_3,f1_0,p0,1,1.5
11,30,f1_0,f2_0,p1,1,6.5
11,30,f1_0,f2_0,p1,1,6.5
11,31,f2_0,c_2,p2,3,37.5
11,32,f2_0,c_4,p2,3,36.0
11,43,m_1,f1_0,p0,1,1.5
11,44,m_1,f1_0,p0,1,1.0
11,44,m_3,f1_0,p0,1,1.5
11,44,f1_0,f2_0,p1,1,6.5
11,45,m_3,f1_0,p0,1,1.0
11,45,m_2,f1_0,p0,1,1.5
11,45,f1_0,f2_0,p1,1,6.5
11,46,m_2,f1_0,p0,1,1.5
11,46,m_1,f1_0,p0,1,1.0
11,46,f1_0,f2_0,p1,1,6.5
11,47,m_4,f1_0,p0,1,1.0
11,47,f1_0,f2_0,p1,1,6.5
11,48,f1_0,f2_0,p1,1,6.5
11,49,f1_0,f2_0,p1,1,6.5
11,50,f1_0,f2_0,p1,1,6.5
11,51,f1_0,f2_0,p1,1,6.5
11,51,f2_0,c_1,p2,2,25.0
11,51,f2_0,c_0,p2,1,12.5
11,51,f2_0,c_2,p2,3,28.5
11,51,f2_0,c_4,p2,2,25.0
11,52,m_0,f1_0,p0,1,1.0
11,52,f1_0,f2_0,p1,1,6.5
11,52,f2_0,c_1,p2,2,25.0
11,53,f1_0,f2_0,p1,1,6.5
11,53,f2_0,c_3,p2,3,37.5
11,54,m_0,f1_0,p0,1,1.5
11,54,m_0,f1_0,p0,1,1.0
11,54,f2_0,c_3,p2,2,25.0
11,54,f2_0,c_1,p2,1,12.5
11,55,f1_0,f2_0,p1,1,6.5
11,55,f2_0,c_1,p2,1,12.0
11,55,f2_0,c_4,p2,2,24.0
11,56,f1_0,f2_0,p1,1,6.5
11,56,f2_0,c_4,p2,2,25.0
11,56,f2_0,c_1,p2,1,12.5
11,57,f2_0,c_3,p2,3,37.5
11,58,m_3,f1_0,p0,1,1.5
11,58,m_0,f1_0,p0,1,1.5
11,58,m_4,f1_0,p0,1,1.5
11,58,f2_0,c_4,p2,1,12.5
11,58,f2_0,c_1,p2,2,25.0
11,59,f2_0,c_0,p2,1,12.0
11,59,f2_0,c_1,p2,2,25.0
11,60,f2_0,c_1,p2,1,12.5
11,60,f2_0,c_0,p2,1,12.5
11,60,f2_0,c_3,p2,1,12.5
11,61,m_3,f1_0,p0,1,1.0
11,62,m_4,f1_0,p0,1,1.5
11,63,m_1,f1_0,p0,1,1.5
11,63,m_4,f1_0,p0,1,1.0
11,64,m_4,f1_0,p0,1,1.0
11,65,m_4,f1_0,p0,1,0.5
11,65,m_2,f1_0,p0,1,1.0
11,65,m_3,f1_0,p0,1,1.5
11,65,f1_0,f2_0,p1,3,19.5
11,66,m_2,f1_0,p0,1,1.5
11,66,f2_0,c_1,p2,1,12.0
11,66,f2_0,c_4,p2,1,12.0
11,66,f2_0,c_0,p2,1,12.5
11,67,m_1,f1_0,p0,1,1.0
11,67,m_0,f1_0,p0,1,1.5
11,67,f1_0,f2_0,p1,3,19.5
11,68,m_0,f1_0,p0,1,1.0
11,68,m_4,f1_0,p0,1,1.5
11,68,m_1,f1_0,p0,1,1.5
11,68,m_4,f1_0,p0,1,0.5
11,68,f1_0,f2_0,p1,3,19.5
11,68,f1_0,f2_0,p1,1,6.5
11,69,m_4,f1_0,p0,2,3.0
11,69,m_1,f1_0,p0,2,2.0
11,69,f1_0,f2_0,p1,1,6.5
11,69,f1_0,f2_0,p1,3,19.5
11,69,f1_0,f2_0,p1,1,6.5
11,70,f1_0,f2_0,p1,1,6.5
11,70,f1_0,f2_0,p1,1,6.5
11,70,f2_0,c_3,p2,4,50.0
11,70,f2_0,c_2,p2,1,12.0
11,70,f2_0,c_4,p2,3,37.5
11,70,f2_0,c_0,p2,3,37.5
11,71,f1_0,f2_0,p1,1,6.5
11,71,f1_0,f2_0,p1,1,6.5
11,71,f2_0,c_3,p2,3,37.5
11,71,f2_0,c_2,p2,1,12.5
11,72,m_3,f1_0,p0,2,3.0
11,72,f1_0,f2_0,p1,2,13.0
11,72,f2_0,c_0,p2,3,37.5
11,72,f2_0,c_4,p2,1,12.5
11,73,f1_0,f2_0,p1,1,6.5
11,73,f1_0,f2_0,p1,1,6.5
11,73,f2_0,c_0,p2,4,50.0
11,74,m_0,f1_0,p0,1,1.5
11,74,m_3,f1_0,p0,1,1.0
11,74,f1_0,f2_0,p1,1,6.5
11,74,f2_0,c_1,p2,2,24.0
11,74,f2_0,c_4,p2,2,24.0
11,75,m_0,f1_0,p0,1,1.0
11,75,f2_0,c_3,p2,2,25.0
11,75,f2_0,c_4,p2,2,25.0
11,75,f2_0,c_2,p2,1,12.5
11,76,f2_0,c_2,p2,3,37.5
11,76,f2_0,c_3,p2,2,24.0
11,77,m_0,f1_0,p0,1,1.0
11,77,f2_0,c_1,p2,3,37.5
11,77,f2_0,c_3,p2,1,12.5
11,77,f2_0,c_0,p2,1,12.5
11,78,f2_0,c_4,p2,3,36.0
11,78,f2_0,c_3,p2,2,24.0
11,79,f2_0,c_1,p2,4,50.0
11,79,f2_0,c_0,p2,1,12.0
11,80,f1_0,f2_0,p1,1,6.5
11,80,f2_0,c_2,p2,4,50.0
11,80,f2_0,c_0,p2,1,12.0
11,81,m_1,f1_0,p0,1,1.0
11,81,m_3,f1_0,p0,1,1.5
11,81,f1_0,f2_0,p1,2,13.0
11,81,f1_0,f2_0,p1,1,6.5
11,81,f2_0,c_1,p2,1,12.0
11,82,f1_0,f2_0,p1,1,6.5
11,82,f2_0,c_0,p2,2,25.0
11,82,f2_0,c_3,p2,1,12.5
11,82,f2_0,c_4,p2,2,24.0
11,83,m_4,f1_0,p0,1,1.5
11,83,m_2,f1_0,p0,1,1.0
11,83,f2_0,c_1,p2,1,12.0
11,83,f2_0,c_2,p2,3,37.5
11,84,f1_0,f2_0,p1,1,6.5
11,84,f2_0,c_1,p2,3,36.0
11,85,m_2,f1_0,p0,1,1.0
11,85,m_4,f1_0,p0,1,1.5
11,85,f1_0,f2_0,p1,1,6.5
11,85,f2_0,c_1,p2,3,36.0
11,86,f1_0,f2_0,p1,2,13.0
11,87,m_1,f1_0,p0,1,1.5
11,87,m_3,f1_0,p0,1,1.5
11,87,f1_0,f2_0,p1,1,6.5
11,87,f2_0,c_2,p2,3,37.5
11,87,f2_0,c_4,p2,2,25.0
11,87,f2_0,c_0,p2,1,12.5
11,88,m_4,f1_0,p0,2,2.0
11,88,m_0,f1_0,p0,2,3.0
11,88,f2_0,c_2,p2,1,12.0
11,88,f2_0,c_0,p2,2,24.0
11,88,f2_0,c_3,p2,1,12.0
11,89,m_1,f1_0,p0,2,3.0
11,89,m_4,f1_0,p0,1,1.0
11,89,f2_0,c_2,p2,1,12.0
11,89,f2_0,c_4,p2,2,24.0
11,89,f2_0,c_1,p2,1,12.5
11,90,f1_0,f2_0,p1,1,6.5
11,90,f2_0,c_4,p2,3,37.5
11,90,f2_0,c_2,p2,1,12.5
11,91,f1_0,f2_0,p1,2,13.0
11,91,f1_0,f2_0,p1,1,6.5
11,91,f1_0,f2_0,p1,3,19.5
11,91,f1_0,f2_0,p1,1,6.5
11,91,f2_0,c_0,p2,1,12.5
11,92,m_3,f1_0,p0,1,1.0
11,92,m_3,f1_0,p0,2,3.0
11,92,m_2,f1_0,p0,2,3.0
11,92,f2_0,c_1,p2,3,37.5
11,92,f2_0,c_4,p2,1,12.5
11,93,f1_0,f2_0,p1,1,6.5
11,93,f1_0,f2_0,p1,2,13.0
11,93,f2_0,c_3,p2,2,24.0
11,93,f2_0,c_1,p2,2,25.0
11,94,f1_0,f2_0,p1,2,13.0
11,94,f2_0,c_3,p2,4,50.0
11,95,f2_0,c_0,p2,3,37.5
11,95,f2_0,c_1,p2,1,12.0
11,96,f2_0,c_2,p2,3,37.5
11,96,f2_0,c_0,p2,1,12.5
11,97,f2_0,c_2,p2,4,48.0
11,98,f2_0,c_4,p2,4,50.0
11,99,f2_0,c_0,p2,1,12.5
11,99,f2_0,c_1,p2,2,25.0
13,3,m_3,f1_0,p0,1,1.0
13,5,m_0,f1_0,p0,1,1.5
13,6,f1_0,f2_0,p1,1,6.5
13,7,m_4,f1_0,p0,1,1.5
13,7,f1_0,f2_0,p1,1,6.5
13,8,f2_0,c_1,p2,3,31.5
13,9,m_2,f1_0,p0,1,1.0
13,9,m_1,f1_0,p0,1,1.5
13,9,m_3,f1_0,p0,1,1.0
13,9,f1_0,f2_0,p1,1,6.5
13,9,f2_0,c_2,p2,2,21.0
13,10,m_3,f1_0,p0,1,1.5
13,10,m_1,f1_0,p0,1,1.0
13,10,f2_0,c_0,p2,2,21.0
13,11,m_4,f1_0,p0,1,1.0
13,11,f1_0,f2_0,p1,1,6.5
13,11,f2_0,c_0,p2,1,4.0
13,12,m_1,f1_0,p0,1,1.5
13,12,f1_0,f2_0,p1,1,6.5
13,12,f2_0,c_3,p2,2,21.0
13,13,f1_0,f2_0,p1,1,6.5
13,13,f2_0,c_3,p2,1,10.5
13,14,f1_0,f2_0,p1,1,6.5
13,14,f2_0,c_4,p2,1,10.5
13,15,f1_0,f2_0,p1,1,6.5
13,15,f2_0,c_2,p2,1,10.5
13,15,f2_0,c_0,p2,1,10.5
13,16,f2_0,c_3,p2,2,21.0
13,17,f2_0,c_4,p2,2,21.0
13,23,f1_0,f2_0,p1,1,6.5
13,25,m_2,f1_0,p0,1,1.0
13,25,m_1,f1_0,p0,1,1.5
13,25,m_4,f1_0,p0,1,0.5
13,26,m_4,f1_0,p0,1,1.5
13,26,m_1,f1_0,p0,1,1.5
13,29,m_0,f1_0,p0,1,1.5
13,29,m_2,f1_0,p0,1,1.5
13,30,m_2,f1_0,p0,2,3.0
13,30,f1_0,f2_0,p1,1,6.5
13,31,m_2,f1_0,p0,1,1.0
13,31,m_1,f1_0,p0,1,1.5
13,31,m_0,f1_0,p0,1,1.5
13,31,f1_0,f2_0,p1,1,6.5
13,31,f1_0,f2_0,p1,1,6.5
13,31,f2_0,c_1,p2,1,10.0
13,31,f2_0,c_4,p2,1,10.0
13,31,f2_0,c_2,p2,1,10.5
13,32,m_0,f1_0,p0,1,1.0
13,32,m_0,f1_0,p0,1,1.5
13,32,f1_0,f2_0,p1,2,13.0
13,32,f1_0,f2_0,p1,1,6.5
13,32,f2_0,c_1,p2,2,20.0
13,33,m_2,f1_0,p0,1,1.0
13,33,m_1,f1_0,p0,1,1.0
13,33,f1_0,f2_0,p1,2,13.0
13,33,f1_0,f2_0,p1,1,3.5
13,33,f2_0,c_0,p2,3,31.5
13,34,m_1,f1_0,p0,1,1.5
13,34,f1_0,f2_0,p1,2,13.0
13,34,f1_0,f2_0,p1,1,6.5
13,34,f2_0,c_1,p2,2,21.0
13,34,f2_0,c_3,p2,1,10.5
13,35,m_4,f1_0,p0,2,2.0
13,35,m_0,f1_0,p0,1,1.0
13,35,f1_0,f2_0,p1,2,13.0
13,35,f2_0,c_0,p2,2,20.0
13,35,f2_0,c_4,p2,1,10.0
13,35,f2_0,c_1,p2,1,10.5
13,36,m_4,f1_0,p0,1,1.0
13,36,m_0,f1_0,p0,1,1.0
13,36,m_1,f1_0,p0,1,1.5
13,36,f1_0,f2_0,p1,2,13.0
13,36,f2_0,c_1,p2,3,31.5
13,36,f2_0,c_2,p2,1,10.5
13,37,f1_0,f2_0,p1,2,13.0
13,37,f2_0,c_1,p2,3,31.5
13,37,f2_0,c_3,p2,1,10.5
13,38,f1_0,f2_0,p1,2,13.0
13,38,f2_0,c_0,p2,2,20.0
13,38,f2_0,c_4,p2,2,20.0
13,39,f1_0,f2_0,p1,2,13.0
13,39,f2_0,c_1,p2,4,42.0
13,40,f2_0,c_3,p2,4,42.0
13,41,f2_0,c_4,p2,3,31.5
13,41,f2_0,c_2,p2,1,10.5
13,42,f2_0,c_2,p2,1,10.0
13,42,f2_0,c_1,p2,2,21.0
13,43,f2_0,c_2,p2,1,10.0
13,43,f2_0,c_1,p2,1,10.0
13,43,f2_0,c_4,p2,3,31.5
13,44,f1_0,f2_0,p1,1,6.5
13,44,f2_0,c_4,p2,4,42.0
13,45,f1_0,f2_0,p1,1,6.5
13,46,f2_0,c_2,p2,3,31.5
13,46,f2_0,c_1,p2,1,10.0
13,46,f2_0,c_4,p2,2,21.0
13,47,f2_0,c_3,p2,2,20.0
13,47,f2_0,c_1,p2,1,10.0
13,48,f2_0,c_1,p2,1,10.0
13,50,m_2,f1_0,p0,1,1.5
13,50,m_3,f1_0,p0,1,1.5
13,51,f2_0,c_3,p2,2,21.0
13,51,f2_0,c_0,p2,1,10.5
13,52,f1_0,f2_0,p1,1,6.5
13,52,f2_0,c_3,p2,2,20.0
13,53,f2_0,c_0,p2,1,10.0
13,53,f2_0,c_1,p2,2,20.0
13,54,f2_0,c_4,p2,3,31.5
13,61,m_4,f1_0,p0,1,0.5
13,63,f1_0,f2_0,p1,1,6.5
13,64,m_4,f1_0,p0,1,1.5
13,64,f1_0,f2_0,p1,1,6.5
13,65,m_2,f1_0,p0,1,1.5
13,66,m_2,f1_0,p0,1,1.5
13,66,m_1,f1_0,p0,1,1.5
13,66,f1_0,f2_0,p1,1,6.5
13,67,m_0,f1_0,p0,1,1.5
13,67,f1_0,f2_0,p1,1,6.5
13,68,m_1,f1_0,p0,1,1.0
13,68,f1_0,f2_0,p1,1,6.5
13,69,f1_0,f2_0,p1,1,6.5
13,70,m_4,f1_0,p0,1,1.5
13,70,f1_0,f2_0,p1,1,6.5
13,71,m_1,f1_0,p0,1,1.5
13,71,m_3,f1_0,p0,1,1.5
13,71,f1_0,f2_0,p1,1,6.5
13,71,f2_0,c_1,p2,3,28.5
13,71,f2_0,c_4,p2,2,21.0
13,71,f2_0,c_2,p2,4,42.0
13,72,m_2,f1_0,p0,1,1.5
13,72,f1_0,f2_0,p1,1,6.5
13,72,f2_0,c_0,p2,2,21.0
13,73,f1_0,f2_0,p1,1,6.5
13,73,f2_0,c_0,p2,2,21.0
13,74,f1_0,f2_0,p1,1,6.5
13,74,f2_0,c_0,p2,2,20.0
13,75,f2_0,c_1,p2,2,20.0
13,76,f2_0,c_1,p2,2,21.0
13,78,m_4,f1_0,p0,1,1.0
13,80,f1_0,f2_0,p1,1,6.5
13,81,m_4,f1_0,p0,1,1.0
13,81,f1_0,f2_0,p1,1,6.5
13,83,f1_0,f2_0,p1,1,6.5
13,84,f2_0,c_1,p2,4,42.0
13,84,f2_0,c_2,p2,1,10.0
13,84,f2_0,c_4,p2,1,10.5
13,86,f2_0,c_3,p2,3,30.0
13,86,f2_0,c_0,p2,1,10.0
13,89,f2_0,c_4,p2,1,10.0
13,89,f2_0,c_1,p2,2,21.0
20,4,m_0,f1_0,p0,1,1.5
20,5,m_1,f1_0,p0,1,1.0
20,6,m_1,f1_0,p0,1,1.0
20,6,f1_0,f2_0,p1,1,6.0
20,7,m_4,f1_0,p0,1,1.5
20,7,m_2,f1_0,p0,1,1.5
20,7,m_0,f1_0,p0,1,1.0
20,7,f1_0,f2_0,p1,1,6.0
20,7,f1_0,f2_0,p1,1,6.0
20,7,f2_0,c_4,p2,1,11.0
20,8,m_2,f1_0,p0,1,1.0
20,8,f1_0,f2_0,p1,1,2.0
20,9,m_4,f1_0,p0,1,1.5
20,9,m_3,f1_0,p0,1,1.5
20,10,m_1,f1_0,p0,1,1.5
20,10,m_4,f1_0,p0,1,1.0
20,10,f1_0,f2_0,p1,1,6.0
20,10,f1_0,f2_0,p1,1,6.0
20,10,f2_0,c_4,p2,2,22.0
20,10,f2_0,c_0,p2,2,22.0
20,11,f1_0,f2_0,p1,1,6.0
20,11,f2_0,c_4,p2,2,22.0
20,11,f2_0,c_3,p2,1,11.0
20,12,f1_0,f2_0,p1,1,6.0
20,12,f2_0,c_3,p2,2,22.0
20,13,f1_0,f2_0,p1,1,2.0
20,13,f2_0,c_4,p2,2,22.0
20,14,f1_0,f2_0,p1,1,6.0
20,15,f1_0,f2_0,p1,1,6.0
20,15,f2_0,c_0,p2,3,33.0
20,15,f2_0,c_2,p2,1,11.0
20,16,f2_0,c_4,p2,2,22.0
20,17,f2_0,c_3,p2,2,22.0
20,21,m_0,f1_0,p0,1,1.5
20,22,m_1,f1_0,p0,1,1.0
20,22,m_4,f1_0,p0,1,1.5
20,22,f1_0,f2_0,p1,1,6.0
20,23,m_4,f1_0,p0,1,1.5
20,23,m_3,f1_0,p0,1,1.5
20,23,f1_0,f2_0,p1,1,6.0
20,24,f1_0,f2_0,p1,1,6.0
20,25,m_1,f1_0,p0,1,1.0
20,25,f1_0,f2_0,p1,1,6.0
20,26,m_4,f1_0,p0,1,1.5
20,26,f1_0,f2_0,p1,1,6.0
20,26,f2_0,c_0,p2,1,10.5
20,26,f2_0,c_1,p2,1,10.5
20,26,f2_0,c_2,p2,2,22.0
20,26,f2_0,c_3,p2,1,10.5
20,27,f1_0,f2_0,p1,1,6.0
20,27,f2_0,c_1,p2,3,33.0
20,27,f2_0,c_3,p2,3,33.0
20,28,m_3,f1_0,p0,1,1.5
20,28,f1_0,f2_0,p1,1,6.0
20,28,f2_0,c_3,p2,2,21.0
20,29,m_3,f1_0,p0,1,1.0
20,29,f1_0,f2_0,p1,1,6.0
20,29,f2_0,c_2,p2,1,10.5
20,29,f2_0,c_4,p2,1,11.0
20,30,m_4,f1_0,p0,1,1.5
20,30,f1_0,f2_0,p1,1,6.0
20,30,f2_0,c_3,p2,2,21.0
20,31,m_1,f1_0,p0,1,1.0
20,31,m_2,f1_0,p0,1,1.5
20,31,f2_0,c_1,p2,2,22.0
20,32,m_4,f1_0,p0,1,1.5
20,32,m_1,f1_0,p0,1,1.0
20,32,f2_0,c_2,p2,1,10.5
20,32,f2_0,c_0,p2,1,10.5
20,33,m_4,f1_0,p0,1,0.5
20,34,m_1,f1_0,p0,1,1.5
20,35,m_2,f1_0,p0,1,1.5
20,35,m_3,f1_0,p0,1,1.5
20,36,m_2,f1_0,p0,1,1.5
20,36,f1_0,f2_0,p1,1,6.0
20,36,f1_0,f2_0,p1,1,6.0
20,37,m_3,f1_0,p0,1,1.5
20,37,f1_0,f2_0,p1,1,6.0
20,37,f1_0,f2_0,p1,2,12.0
20,38,m_3,f1_0,p0,1,1.5
20,38,f1_0,f2_0,p1,1,6.0
20,38,f1_0,f2_0,p1,1,6.0
20,38,f1_0,f2_0,p1,1,6.0
20,38,f2_0,c_3,p2,1,10.5
20,38,f2_0,c_1,p2,1,10.5
20,38,f2_0,c_2,p2,2,22.0
20,38,f2_0,c_4,p2,3,19.5
20,39,f1_0,f2_0,p1,1,6.0
20,39,f2_0,c_4,p2,3,33.0
20,40,m_4,f1_0,p0,2,1.0
20,40,m_0,f1_0,p0,2,3.0
20,40,m_2,f1_0,p0,2,1.0
20,40,m_3,f1_0,p0,2,3.0
20,40,f1_0,f2_0,p1,1,6.0
20,40,f2_0,c_2,p2,2,21.0
20,40,f2_0,c_1,p2,1,10.5
20,41,f1_0,f2_0,p1,1,6.0
20,41,f1_0,f2_0,p1,1,3.5
20,41,f2_0,c_4,p2,3,31.5
20,41,f2_0,c_3,p2,1,10.5
20,42,f1_0,f2_0,p1,2,12.0
20,42,f2_0,c_4,p2,1,10.5
20,42,f2_0,c_3,p2,3,33.0
20,43,f1_0,f2_0,p1,2,12.0
20,43,f2_0,c_2,p2,2,22.0
20,43,f2_0,c_1,p2,2,22.0
20,44,f2_0,c_0,p2,1,10.5
20,44,f2_0,c_2,p2,2,21.0
20,44,f2_0,c_1,p2,1,11.0
20,45,f2_0,c_1,p2,4,42.0
20,46,m_4,f1_0,p0,1,1.0
20,46,m_4,f1_0,p0,1,1.5
20,46,m_3,f1_0,p0,1,1.0
20,46,m_0,f1_0,p0,1,1.5
20,46,f1_0,f2_0,p1,3,18.0
20,46,f1_0,f2_0,p1,1,6.0
20,46,f2_0,c_3,p2,3,31.5
20,46,f2_0,c_2,p2,1,10.5
20,47,m_3,f1_0,p0,2,3.0
20,47,m_4,f1_0,p0,2,3.0
20,47,f2_0,c_0,p2,2,21.0
20,47,f2_0,c_1,p2,2,21.0
20,48,m_2,f1_0,p0,2,3.0
20,48,m_4,f1_0,p0,1,1.5
20,48,m_1,f1_0,p0,2,3.0
20,48,f1_0,f2_0,p1,1,6.0
20,48,f1_0,f2_0,p1,2,12.0
20,48,f1_0,f2_0,p1,1,6.0
20,48,f2_0,c_4,p2,1,6.0
20,48,f2_0,c_2,p2,3,33.0
20,49,f1_0,f2_0,p1,1,6.0
20,49,f2_0,c_1,p2,4,44.0
20,50,f1_0,f2_0,p1,3,18.0
20,50,f2_0,c_3,p2,4,44.0
20,51,f2_0,c_2,p2,3,33.0
20,51,f2_0,c_1,p2,2,22.0
20,52,f2_0,c_4,p2,1,10.5
20,52,f2_0,c_2,p2,3,31.5
20,53,f1_0,f2_0,p1,1,6.0
20,53,f1_0,f2_0,p1,1,6.0
20,53,f1_0,f2_0,p1,1,6.0
20,53,f1_0,f2_0,p1,1,6.0
20,53,f2_0,c_0,p2,3,31.5
20,53,f2_0,c_4,p2,1,10.5
20,54,m_0,f1_0,p0,1,1.0
20,54,m_1,f1_0,p0,1,1.0
20,54,f1_0,f2_0,p1,1,6.0
20,54,f2_0,c_1,p2,1,10.5
20,54,f2_0,c_3,p2,2,22.0
20,54,f2_0,c_2,p2,1,11.0
20,55,m_2,f1_0,p0,1,1.0
20,55,f1_0,f2_0,p1,2,12.0
20,56,m_1,f1_0,p0,1,1.5
20,56,m_3,f1_0,p0,1,1.5
20,56,f2_0,c_3,p2,4,44.0
20,56,f2_0,c_1,p2,4,44.0
20,57,m_0,f1_0,p0,1,1.0
20,57,m_3,f1_0,p0,1,1.5
20,57,f2_0,c_2,p2,3,33.0
20,57,f2_0,c_3,p2,1,11.0
20,58,m_4,f1_0,p0,1,1.0
20,58,f2_0,c_1,p2,4,44.0
20,58,f2_0,c_0,p2,1,11.0
20,59,f1_0,f2_0,p1,2,12.0
20,59,f1_0,f2_0,p1,3,18.0
20,59,f1_0,f2_0,p1,1,6.0
20,59,f2_0,c_0,p2,1,10.5
20,59,f2_0,c_2,p2,3,33.0
20,60,m_4,f1_0,p0,2,3.0
20,60,m_0,f1_0,p0,1,1.0
20,60,m_2,f1_0,p0,2,1.0
20,60,m_1,f1_0,p0,2,3.0
20,60,f2_0,c_4,p2,4,42.0
20,61,m_0,f1_0,p0,2,2.0
20,61,f1_0,f2_0,p1,2,12.0
20,61,f2_0,c_2,p2,2,21.0
20,61,f2_0,c_0,p2,2,22.0
20,62,m_3,f1_0,p0,2,1.0
20,62,f2_0,c_3,p2,4,42.0
20,62,f2_0,c_4,p2,1,10.5
20,63,m_3,f1_0,p0,2,3.0
20,63,m_4,f1_0,p0,1,1.0
20,63,f1_0,f2_0,p1,1,6.0
20,63,f1_0,f2_0,p1,2,12.0
20,63,f1_0,f2_0,p1,1,6.0
20,63,f2_0,c_0,p2,3,31.5
20,64,f2_0,c_0,p2,2,21.0
20,64,f2_0,c_1,p2,2,21.0
20,65,f1_0,f2_0,p1,2,12.0
20,65,f1_0,f2_0,p1,2,12.0
20,65,f2_0,c_4,p2,3,33.0
20,65,f2_0,c_0,p2,1,10.5
20,65,f2_0,c_2,p2,1,11.0
20,66,f2_0,c_2,p2,3,31.5
20,66,f2_0,c_0,p2,2,21.0
20,67,f2_0,c_2,p2,4,42.0
20,68,f2_0,c_1,p2,3,33.0
20,68,f2_0,c_0,p2,1,10.5
20,68,f2_0,c_4,p2,1,10.5
20,69,f2_0,c_2,p2,2,22.0
20,71,f2_0,c_2,p2,1,11.0
20,78,f1_0,f2_0,p1,1,6.0
20,79,f2_0,c_0,p2,1,10.5
20,80,f1_0,f2_0,p1,1,6.0
20,81,f1_0,f2_0,p1,1,6.0
20,83,f2_0,c_2,p2,3,33.0
20,92,f1_0,f2_0,p1,1,6.0
20,94,f2_0,c_4,p2,4,44.0
22,4,m_4,f1_0,p0,1,1.0
22,6,m_3,f1_0,p0,1,1.5
22,6,f1_0,f2_0,p1,1,6.0
22,8,f1_0,f2_0,p1,1,6.0
22,8,f2_0,c_3,p2,2,16.0
22,9,m_1,f1_0,p0,1,1.5
22,9,m_3,f1_0,p0,1,1.0
22,9,f2_0,c_2,p2,1,9.0
22,10,m_2,f1_0,p0,1,1.5
22,11,m_3,f1_0,p0,1,1.5
22,11,f1_0,f2_0,p1,1,2.0
22,12,m_1,f1_0,p0,1,1.0
22,12,f1_0,f2_0,p1,1,6.0
22,12,f2_0,c_4,p2,1,3.5
22,13,f1_0,f2_0,p1,1,6.0
22,13,f2_0,c_1,p2,1,1.5
22,14,f1_0,f2_0,p1,1,6.0
22,14,f2_0,c_3,p2,3,27.0
22,15,f1_0,f2_0,p1,1,2.5
22,15,f2_0,c_0,p2,1,9.0
22,15,f2_0,c_3,p2,1,9.0
22,16,f2_0,c_3,p2,1,9.0
22,16,f2_0,c_0,p2,1,9.0
22,17,f2_0,c_4,p2,2,18.0
22,23,m_2,f1_0,p0,1,1.0
22,24,m_3,f1_0,p0,1,1.5
22,25,m_3,f1_0,p0,1,1.5
22,25,m_4,f1_0,p0,1,1.5
22,25,m_1,f1_0,p0,1,1.0
22,25,m_2,f1_0,p0,1,1.5
22,26,m_1,f1_0,p0,1,1.0
22,26,f1_0,f2_0,p1,1,6.0
22,27,m_1,f1_0,p0,1,1.5
22,27,f1_0,f2_0,p1,1,6.0
22,28,m_1,f1_0,p0,1,1.5
22,28,m_3,f1_0,p0,1,1.5
22,28,m_2,f1_0,p0,1,1.5
22,28,f1_0,f2_0,p1,1,6.0
22,29,f1_0,f2_0,p1,1,6.0
22,30,f1_0,f2_0,p1,1,6.0
22,30,f1_0,f2_0,p1,1,6.0
22,31,f1_0,f2_0,p1,1,6.0
22,31,f2_0,c_4,p2,3,27.0
22,31,f2_0,c_0,p2,3,27.0
22,32,f1_0,f2_0,p1,1,6.0
22,32,f2_0,c_3,p2,2,18.0
22,33,f1_0,f2_0,p1,1,6.0
22,33,f2_0,c_2,p2,2,18.0
22,34,f1_0,f2_0,p1,1,6.0
22,34,f2_0,c_2,p2,1,9.0
22,34,f2_0,c_1,p2,1,9.0
22,35,f2_0,c_4,p2,3,27.0
22,36,f2_0,c_3,p2,3,27.0
22,37,f2_0,c_0,p2,1,9.0
22,42,m_0,f1_0,p0,1,1.5
22,43,m_1,f1_0,p0,1,1.5
22,43,m_3,f1_0,p0,1,1.5
22,44,m_3,f1_0,p0,1,1.0
22,45,m_3,f1_0,p0,1,1.5
22,45,f1_0,f2_0,p1,1,6.0
22,46,f1_0,f2_0,p1,1,6.0
22,47,m_4,f1_0,p0,1,1.5
22,47,f1_0,f2_0,p1,1,3.0
22,48,m_2,f1_0,p0,1,1.5
22,48,f1_0,f2_0,p1,2,12.0
22,49,m_1,f1_0,p0,1,1.5
22,49,m_3,f1_0,p0,1,1.0
22,49,m_4,f1_0,p0,1,1.5
22,49,f1_0,f2_0,p1,1,6.0
22,49,f1_0,f2_0,p1,1,6.0
22,50,f1_0,f2_0,p1,1,6.0
22,50,f2_0,c_3,p2,2,18.0
22,50,f2_0,c_1,p2,2,18.0
22,50,f2_0,c_0,p2,4,36.0
22,50,f2_0,c_4,p2,4,36.0
22,51,f1_0,f2_0,p1,1,2.0
22,51,f2_0,c_2,p2,1,9.0
22,51,f2_0,c_4,p2,1,9.0
22,51,f2_0,c_1,p2,1,9.0
22,52,m_4,f1_0,p0,2,3.0
22,52,m_3,f1_0,p0,2,2.0
22,52,f1_0,f2_0,p1,2,12.0
22,52,f2_0,c_1,p2,2,18.0
22,52,f2_0,c_2,p2,1,9.0
22,53,f1_0,f2_0,p1,2,12.0
22,53,f2_0,c_0,p2,2,18.0
22,53,f2_0,c_3,p2,1,9.0
22,54,f1_0,f2_0,p1,1,6.0
22,54,f1_0,f2_0,p1,1,2.0
22,54,f2_0,c_0,p2,3,27.0
22,55,f2_0,c_4,p2,2,18.0
22,55,f2_0,c_1,p2,1,9.0
22,56,f2_0,c_4,p2,3,27.0
22,57,f2_0,c_0,p2,2,18.0
22,57,f2_0,c_1,p2,1,9.0
22,65,f2_0,c_4,p2,3,27.0
22,65,f2_0,c_2,p2,3,27.0
22,69,f2_0,c_1,p2,1,9.0
22,79,m_1,f1_0,p0,1,1.0
22,80,m_0,f1_0,p0,1,1.5
22,80,f1_0,f2_0,p1,1,6.0
22,81,f1_0,f2_0,p1,1,6.0
22,84,m_3,f1_0,p0,1,1.0
22,85,f1_0,f2_0,p1,1,6.0
22,86,m_0,f1_0,p0,1,1.5
22,87,m_2,f1_0,p0,1,1.5
22,87,m_1,f1_0,p0,1,1.5
22,87,f1_0,f2_0,p1,1,6.0
22,87,f2_0,c_3,p2,1,9.0
22,87,f2_0,c_2,p2,3,27.0
22,87,f2_0,c_4,p2,2,18.0
22,87,f2_0,c_1,p2,1,4.0
22,88,m_2,f1_0,p0,1,1.5
22,88,f1_0,f2_0,p1,1,6.0
22,88,f2_0,c_0,p2,1,9.0
22,89,f1_0,f2_0,p1,1,6.0
22,89,f2_0,c_4,p2,1,9.0
22,89,f2_0,c_1,p2,1,9.0
22,90,f1_0,f2_0,p1,1,6.0
22,90,f2_0,c_4,p2,2,18.0
22,91,f2_0,c_1,p2,2,18.0
22,92,f2_0,c_1,p2,2,18.0
30,4,m_0,f1_0,p0,1,1.5
30,4,m_2,f1_0,p0,1,1.0
30,6,m_3,f1_0,p0,1,1.0
30,6,f1_0,f2_0,p1,1,6.0
30,7,m_3,f1_0,p0,1,1.5
30,7,f1_0,f2_0,p1,1,6.0
30,7,f2_0,c_4,p2,1,10.5
30,8,f1_0,f2_0,p1,1,6.0
30,9,m_3,f1_0,p0,1,1.0
30,9,f1_0,f2_0,p1,1,6.0
30,10,m_3,f1_0,p0,1,1.0
30,10,m_1,f1_0,p0,1,1.0
30,11,f1_0,f2_0,p1,1,6.0
30,12,f1_0,f2_0,p1,1,6.0
30,12,f2_0,c_2,p2,1,4.5
30,12,f2_0,c_3,p2,4,42.0
30,13,m_2,f1_0,p0,1,1.0
30,13,f1_0,f2_0,p1,1,6.0
30,14,m_0,f1_0,p0,1,1.5
30,14,m_1,f1_0,p0,1,1.0
30,14,f1_0,f2_0,p1,1,6.0
30,14,f2_0,c_4,p2,1,10.5
30,14,f2_0,c_0,p2,1,10.5
30,15,f1_0,f2_0,p1,1,6.0
30,15,f2_0,c_0,p2,2,21.0
30,15,f2_0,c_1,p2,1,8.5
30,16,f1_0,f2_0,p1,1,6.0
30,16,f2_0,c_2,p2,2,6.0
30,17,f2_0,c_2,p2,2,20.0
30,18,f2_0,c_0,p2,2,21.0
30,19,f2_0,c_3,p2,1,10.0
30,19,f2_0,c_0,p2,1,10.0
30,24,m_1,f1_0,p0,1,1.0
30,26,m_4,f1_0,p0,1,1.0
30,26,f1_0,f2_0,p1,1,6.0
30,27,m_0,f1_0,p0,1,1.0
30,27,m_2,f1_0,p0,1,1.5
30,27,f2_0,c_3,p2,4,42.0
30,27,f2_0,c_4,p2,1,10.5
30,28,f1_0,f2_0,p1,1,6.0
30,29,f1_0,f2_0,p1,1,6.0
30,30,f2_0,c_3,p2,4,42.0
30,30,f2_0,c_0,p2,2,21.0
30,31,f2_0,c_0,p2,2,20.0
30,40,m_0,f1_0,p0,1,1.0
30,41,m_1,f1_0,p0,1,1.5
30,42,f1_0,f2_0,p1,1,6.0
30,43,m_3,f1_0,p0,1,1.5
30,43,m_1,f1_0,p0,1,1.5
30,43,f1_0,f2_0,p1,1,6.0
30,45,m_0,f1_0,p0,1,1.5
30,45,f1_0,f2_0,p1,1,6.0
30,46,m_3,f1_0,p0,1,1.5
30,46,f1_0,f2_0,p1,1,6.0
30,47,m_2,f1_0,p0,1,1.0
30,47,f1_0,f2_0,p1,1,6.0
30,48,m_1,f1_0,p0,1,1.5
30,48,f1_0,f2_0,p1,1,6.0
30,49,m_2,f1_0,p0,1,1.0
30,49,f1_0,f2_0,p1,1,6.0
30,50,m_3,f1_0,p0,1,1.0
30,50,m_2,f1_0,p0,1,1.5
30,50,f1_0,f2_0,p1,1,6.0
30,51,m_3,f1_0,p0,1,1.5
30,51,m_2,f1_0,p0,1,1.0
30,51,f1_0,f2_0,p1,1,6.0
30,51,f2_0,c_1,p2,4,42.0
30,51,f2_0,c_2,p2,2,21.0
30,51,f2_0,c_4,p2,4,42.0
30,51,f2_0,c_0,p2,2,21.0
30,52,f1_0,f2_0,p1,1,6.0
30,52,f2_0,c_2,p2,2,21.0
30,53,f1_0,f2_0,p1,1,6.0
30,53,f2_0,c_0,p2,1,10.0
30,53,f2_0,c_4,p2,1,10.5
30,54,f2_0,c_2,p2,1,10.0
30,54,f2_0,c_1,p2,1,10.0
30,55,f2_0,c_4,p2,2,13.0
30,56,f2_0,c_4,p2,2,21.0
30,60,f1_0,f2_0,p1,1,6.0
30,61,f1_0,f2_0,p1,1,6.0
30,62,f1_0,f2_0,p1,1,6.0
30,65,m_3,f1_0,p0,1,1.5
30,65,m_1,f1_0,p0,1,1.5
30,65,m_2,f1_0,p0,1,1.5
30,66,m_1,f1_0,p0,1,1.0
30,66,f2_0,c_1,p2,3,30.0
30,66,f2_0,c_0,p2,4,42.0
30,67,f1_0,f2_0,p1,1,6.0
30,68,m_0,f1_0,p0,1,1.0
30,68,f1_0,f2_0,p1,2,12.0
30,69,m_3,f1_0,p0,1,1.5
30,69,m_4,f1_0,p0,1,0.5
30,69,f1_0,f2_0,p1,1,6.0
30,69,f2_0,c_3,p2,2,21.0
30,69,f2_0,c_1,p2,2,21.0
30,70,m_1,f1_0,p0,2,3.0
30,70,f1_0,f2_0,p1,1,6.0
30,70,f2_0,c_1,p2,3,31.5
30,71,f1_0,f2_0,p1,2,12.0
30,71,f2_0,c_1,p2,3,30.0
30,72,f1_0,f2_0,p1,1,6.0
30,72,f1_0,f2_0,p1,1,6.0
30,72,f2_0,c_4,p2,2,21.0
30,72,f2_0,c_0,p2,1,10.5
30,73,f2_0,c_2,p2,2,21.0
30,73,f2_0,c_1,p2,1,10.5
30,74,f2_0,c_4,p2,2,20.0
30,74,f2_0,c_1,p2,1,10.0
30,75,f2_0,c_4,p2,1,10.0
30,75,f2_0,c_2,p2,2,21.0
30,76,f2_0,c_2,p2,1,5.0
30,76,f2_0,c_0,p2,2,21.0
30,77,f2_0,c_1,p2,1,4.5
30,88,m_1,f1_0,p0,1,1.0
30,89,m_2,f1_0,p0,1,1.5
30,90,f1_0,f2_0,p1,1,6.0
30,91,f1_0,f2_0,p1,1,6.0
30,92,m_1,f1_0,p0,1,1.5
30,93,f1_0,f2_0,p1,1,6.0
30,94,m_4,f1_0,p0,1,1.5
30,94,m_1,f1_0,p0,1,1.0
30,95,f1_0,f2_0,p1,1,6.0
30,96,f1_0,f2_0,p1,1,6.0
30,96,f2_0,c_4,p2,1,10.5
30,96,f2_0,c_2,p2,3,31.5
30,96,f2_0,c_1,p2,1,3.5
30,96,f2_0,c_0,p2,4,42.0
30,97,f2_0,c_4,p2,2,21.0
30,98,f2_0,c_0,p2,2,21.0
30,99,f2_0,c_3,p2,2,20.0
31,4,m_0,f1_0,p0,1,1.5
31,6,m_2,f1_0,p0,1,1.0
31,6,f1_0,f2_0,p1,1,6.0
31,7,m_1,f1_0,p0,1,1.0
31,8,m_4,f1_0,p0,1,1.5
31,8,m_2,f1_0,p0,1,1.5
31,8,f1_0,f2_0,p1,1,6.0
31,8,f2_0,c_3,p2,2,22.0
31,9,m_4,f1_0,p0,1,1.5
31,9,f1_0,f2_0,p1,1,6.0
31,9,f2_0,c_3,p2,1,11.0
31,10,m_4,f1_0,p0,1,1.5
31,10,f1_0,f2_0,p1,1,6.0
31,10,f2_0,c_1,p2,1,11.0
31,11,m_1,f1_0,p0,1,1.5
31,11,m_3,f1_0,p0,1,1.0
31,11,m_2,f1_0,p0,1,1.5
31,11,f1_0,f2_0,p1,1,6.0
31,11,f2_0,c_3,p2,1,5.0
31,12,f1_0,f2_0,p1,1,2.5
31,12,f2_0,c_4,p2,1,11.0
31,13,f1_0,f2_0,p1,1,6.0
31,13,f2_0,c_2,p2,2,22.0
31,14,m_3,f1_0,p0,1,1.0
31,14,m_1,f1_0,p0,1,1.5
31,14,f1_0,f2_0,p1,1,6.0
31,14,f2_0,c_3,p2,2,22.0
31,15,m_4,f1_0,p0,1,1.5
31,15,f1_0,f2_0,p1,1,6.0
31,15,f2_0,c_0,p2,2,22.0
31,16,f1_0,f2_0,p1,1,6.0
31,16,f2_0,c_0,p2,1,10.5
31,16,f2_0,c_1,p2,1,11.0
31,17,f1_0,f2_0,p1,1,6.0
31,17,f2_0,c_3,p2,2,6.0
31,18,f2_0,c_1,p2,2,22.0
31,19,f2_0,c_2,p2,2,22.0
31,22,f1_0,f2_0,p1,1,6.0
31,23,f1_0,f2_0,p1,1,6.0
31,23,f2_0,c_0,p2,2,22.0
31,23,f2_0,c_1,p2,3,33.0
31,24,m_0,f1_0,p0,1,1.0
31,25,f1_0,f2_0,p1,1,6.0
31,27,m_0,f1_0,p0,1,1.5
31,27,m_2,f1_0,p0,1,1.5
31,28,f1_0,f2_0,p1,1,6.0
31,29,m_2,f1_0,p0,1,1.5
31,29,f1_0,f2_0,p1,1,6.0
31,30,m_3,f1_0,p0,1,1.5
31,30,m_4,f1_0,p0,1,1.0
31,30,m_2,f1_0,p0,1,1.5
31,30,m_1,f1_0,p0,1,1.5
31,30,f1_0,f2_0,p1,1,6.0
31,30,f2_0,c_3,p2,2,22.0
31,30,f2_0,c_0,p2,1,10.5
31,30,f2_0,c_2,p2,1,10.5
31,30,f2_0,c_1,p2,4,44.0
31,31,m_0,f1_0,p0,1,1.5
31,31,m_2,f1_0,p0,1,1.5
31,31,m_4,f1_0,p0,1,1.0
31,31,m_1,f1_0,p0,1,1.5
31,31,f2_0,c_1,p2,2,22.0
31,32,f1_0,f2_0,p1,1,3.0
31,32,f1_0,f2_0,p1,1,6.0
31,32,f2_0,c_1,p2,2,22.0
31,33,f1_0,f2_0,p1,1,6.0
31,33,f2_0,c_1,p2,3,33.0
31,34,m_2,f1_0,p0,2,2.0
31,34,f1_0,f2_0,p1,1,6.0
31,34,f2_0,c_3,p2,1,10.5
31,34,f2_0,c_2,p2,2,21.0
31,35,f1_0,f2_0,p1,1,6.0
31,35,f2_0,c_3,p2,3,33.0
31,36,f1_0,f2_0,p1,2,12.0
31,36,f2_0,c_3,p2,2,22.0
31,36,f2_0,c_4,p2,1,11.0
31,37,f2_0,c_2,p2,1,10.5
31,37,f2_0,c_1,p2,1,10.5
31,37,f2_0,c_3,p2,1,10.5
31,38,f2_0,c_4,p2,2,21.0
31,38,f2_0,c_2,p2,1,10.5
31,50,f2_0,c_0,p2,2,22.0
31,50,f2_0,c_2,p2,2,7.0
31,60,f1_0,f2_0,p1,1,6.0
31,61,m_0,f1_0,p0,1,1.5
31,62,f1_0,f2_0,p1,1,6.0
31,63,f1_0,f2_0,p1,1,6.0
31,64,m_0,f1_0,p0,1,1.5
31,64,f1_0,f2_0,p1,1,6.0
31,65,m_0,f1_0,p0,1,1.5
31,65,m_1,f1_0,p0,1,1.5
31,65,f1_0,f2_0,p1,1,6.0
31,66,m_3,f1_0,p0,1,1.5
31,66,f1_0,f2_0,p1,1,6.0
31,67,m_3,f1_0,p0,1,1.0
31,67,f1_0,f2_0,p1,1,6.0
31,68,m_0,f1_0,p0,1,1.5
31,68,f1_0,f2_0,p1,1,6.0
31,68,f2_0,c_4,p2,3,33.0
31,68,f2_0,c_0,p2,2,6.0
31,68,f2_0,c_3,p2,3,33.0
31,68,f2_0,c_2,p2,3,33.0
31,69,m_0,f1_0,p0,1,1.0
31,69,f1_0,f2_0,p1,1,6.0
31,69,f2_0,c_3,p2,2,22.0
31,70,f1_0,f2_0,p1,1,6.0
31,70,f2_0,c_4,p2,2,18.0
31,71,f1_0,f2_0,p1,1,6.0
31,71,f2_0,c_1,p2,2,18.0
31,72,f2_0,c_3,p2,1,10.5
31,72,f2_0,c_2,p2,2,21.0
31,73,f2_0,c_1,p2,1,10.5
31,73,f2_0,c_4,p2,2,22.0
31,74,f2_0,c_1,p2,2,22.0
31,79,m_1,f1_0,p0,1,1.5
31,79,m_3,f1_0,p0,1,1.0
31,80,m_2,f1_0,p0,1,1.5
31,81,m_2,f1_0,p0,1,1.0
31,81,m_1,f1_0,p0,1,1.5
31,81,m_4,f1_0,p0,1,0.5
31,81,f1_0,f2_0,p1,1,6.0
31,82,m_2,f1_0,p0,1,1.0
31,82,m_0,f1_0,p0,1,1.0
31,82,f1_0,f2_0,p1,1,6.0
31,83,f1_0,f2_0,p1,1,6.0
31,83,f1_0,f2_0,p1,1,6.0
31,83,f2_0,c_1,p2,2,22.0
31,83,f2_0,c_2,p2,1,11.0
31,83,f2_0,c_0,p2,1,11.0
31,84,m_0,f1_0,p0,1,1.5
31,84,f1_0,f2_0,p1,1,6.0
31,85,f1_0,f2_0,p1,1,6.0
31,86,f1_0,f2_0,p1,1,6.0
31,87,m_2,f1_0,p0,1,1.0
31,87,m_3,f1_0,p0,1,1.5
31,87,f1_0,f2_0,p1,1,6.0
31,87,f2_0,c_3,p2,2,21.0
31,87,f2_0,c_1,p2,3,31.5
31,88,m_3,f1_0,p0,1,1.5
31,88,m_2,f1_0,p0,1,1.5
31,88,m_1,f1_0,p0,1,1.5
31,88,f1_0,f2_0,p1,1,6.0
31,88,f2_0,c_2,p2,4,44.0
31,88,f2_0,c_1,p2,1,10.5
31,89,f1_0,f2_0,p1,2,12.0
31,89,f2_0,c_3,p2,3,31.5
31,90,m_0,f1_0,p0,2,2.0
31,90,m_1,f1_0,p0,2,3.0
31,90,f1_0,f2_0,p1,1,6.0
31,90,f1_0,f2_0,p1,1,6.0
31,90,f2_0,c_4,p2,3,33.0
31,91,f1_0,f2_0,p1,2,12.0
31,91,f2_0,c_0,p2,2,22.0
31,91,f2_0,c_4,p2,1,11.0
31,92,f1_0,f2_0,p1,2,12.0
31,92,f2_0,c_2,p2,3,33.0
31,93,f2_0,c_2,p2,2,22.0
31,93,f2_0,c_3,p2,1,11.0
31,94,f2_0,c_2,p2,3,33.0
31,95,f2_0,c_1,p2,1,11.0
31,95,f2_0,c_0,p2,1,11.0
31,95,f2_0,c_3,p2,1,11.0
31,98,f2_0,c_1,p2,1,6.0
31,98,f2_0,c_2,p2,2,22.0
32,4,m_0,f1_0,p0,1,1.5
32,4,m_4,f1_0,p0,1,1.5
32,5,m_4,f1_0,p0,1,1.5
32,5,m_0,f1_0,p0,1,1.0
32,5,m_1,f1_0,p0,1,1.5
32,6,f1_0,f2_0,p1,1,6.0
32,7,f1_0,f2_0,p1,1,6.0
32,7,f2_0,c_4,p2,1,11.0
32,10,m_0,f1_0,p0,1,1.0
32,10,f1_0,f2_0,p1,1,3.5
32,10,f2_0,c_4,p2,1,11.0
32,11,f1_0,f2_0,p1,1,6.0
32,11,f2_0,c_4,p2,1,11.0
32,12,m_3,f1_0,p0,1,1.0
32,12,m_0,f1_0,p0,1,1.5
32,12,m_2,f1_0,p0,1,1.5
32,12,f1_0,f2_0,p1,1,6.0
32,13,f1_0,f2_0,p1,1,6.0
32,13,f2_0,c_1,p2,2,22.0
32,14,f1_0,f2_0,p1,1,6.0
32,14,f1_0,f2_0,p1,1,6.0
32,14,f2_0,c_2,p2,1,11.0
32,15,m_0,f1_0,p0,1,1.0
32,15,f1_0,f2_0,p1,1,2.0
32,15,f2_0,c_1,p2,1,11.0
32,15,f2_0,c_2,p2,2,22.0
32,16,m_3,f1_0,p0,1,1.5
32,16,m_4,f1_0,p0,1,1.5
32,16,m_0,f1_0,p0,1,1.5
32,16,f1_0,f2_0,p1,1,6.0
32,16,f2_0,c_1,p2,2,22.0
32,17,m_0,f1_0,p0,2,3.0
32,17,f1_0,f2_0,p1,1,6.0
32,17,f2_0,c_4,p2,2,22.0
32,17,f2_0,c_0,p2,1,11.0
32,18,f1_0,f2_0,p1,1,6.0
32,18,f1_0,f2_0,p1,1,6.0
32,18,f2_0,c_2,p2,3,33.0
32,19,f1_0,f2_0,p1,1,6.0
32,19,f1_0,f2_0,p1,1,2.5
32,19,f2_0,c_0,p2,1,11.0
32,19,f2_0,c_1,p2,2,22.0
32,21,m_0,f1_0,p0,1,1.5
32,22,f2_0,c_3,p2,4,44.0
32,22,f2_0,c_0,p2,2,21.0
32,22,f2_0,c_1,p2,3,31.5
32,23,f1_0,f2_0,p1,1,6.0
32,23,f2_0,c_0,p2,1,10.5
32,23,f2_0,c_1,p2,2,22.0
32,24,f2_0,c_3,p2,3,21.0
32,25,f2_0,c_3,p2,3,33.0
32,26,m_3,f1_0,p0,1,1.5
32,26,m_1,f1_0,p0,1,1.5
32,27,m_4,f1_0,p0,1,1.5
32,28,m_2,f1_0,p0,1,1.0
32,29,m_0,f1_0,p0,1,1.0
32,29,f1_0,f2_0,p1,2,12.0
32,30,m_1,f1_0,p0,1,1.0
32,30,f2_0,c_3,p2,2,21.0
32,30,f2_0,c_0,p2,1,10.5
32,32,f1_0,f2_0,p1,2,12.0
32,32,f1_0,f2_0,p1,1,6.0
32,33,f2_0,c_0,p2,3,33.0
32,34,f1_0,f2_0,p1,1,6.0
32,34,f2_0,c_1,p2,2,21.0
32,34,f2_0,c_2,p2,1,10.5
32,37,f2_0,c_2,p2,3,33.0
32,37,f2_0,c_3,p2,2,22.0
32,43,m_3,f1_0,p0,1,1.5
32,43,m_2,f1_0,p0,1,1.5
32,43,m_1,f1_0,p0,1,1.0
32,45,f1_0,f2_0,p1,1,6.0
32,46,f2_0,c_0,p2,3,33.0
32,46,f2_0,c_1,p2,2,21.0
32,46,f2_0,c_4,p2,1,11.0
32,47,f1_0,f2_0,p1,1,6.0
32,47,f2_0,c_4,p2,1,11.0
32,48,m_0,f1_0,p0,1,1.5
32,48,f1_0,f2_0,p1,1,6.0
32,48,f2_0,c_4,p2,1,10.5
32,49,f2_0,c_0,p2,1,10.5
32,50,f1_0,f2_0,p1,1,6.0
32,52,f2_0,c_0,p2,1,10.5
32,52,f2_0,c_2,p2,1,11.0
32,61,m_2,f1_0,p0,1,1.5
32,61,m_4,f1_0,p0,1,1.5
32,62,f1_0,f2_0,p1,1,6.0
32,63,m_3,f1_0,p0,1,1.5
32,63,f1_0,f2_0,p1,1,6.0
32,64,f1_0,f2_0,p1,1,1.5
32,64,f2_0,c_3,p2,2,21.0
32,65,f2_0,c_1,p2,2,22.0
32,66,f2_0,c_3,p2,1,10.5
32,66,f2_0,c_2,p2,1,11.0
32,67,f2_0,c_0,p2,2,22.0
32,77,m_0,f1_0,p0,1,1.0
32,78,m_1,f1_0,p0,1,1.0
32,79,m_3,f1_0,p0,1,1.0
32,79,f1_0,f2_0,p1,1,6.0
32,80,m_1,f1_0,p0,1,1.5
32,80,m_4,f1_0,p0,1,1.0
32,80,f1_0,f2_0,p1,1,6.0
32,81,m_2,f1_0,p0,1,1.0
32,81,f1_0,f2_0,p1,1,6.0
32,81,f2_0,c_3,p2,3,33.0
32,81,f2_0,c_2,p2,1,11.0
32,82,m_1,f1_0,p0,1,1.0
32,82,m_4,f1_0,p0,1,1.0
32,82,f1_0,f2_0,p1,1,6.0
32,82,f2_0,c_0,p2,2,21.0
32,83,f1_0,f2_0,p1,1,3.0
32,83,f2_0,c_4,p2,2,22.0
32,84,f1_0,f2_0,p1,1,6.0
32,84,f2_0,c_4,p2,1,11.0
32,84,f2_0,c_3,p2,1,11.0
32,85,f2_0,c_0,p2,1,10.5
32,85,f2_0,c_3,p2,1,11.0
32,86,f2_0,c_2,p2,2,21.0
35,4,m_3,f1_0,p0,1,1.0
35,5,m_4,f1_0,p0,1,1.0
35,6,m_3,f1_0,p0,1,1.0
35,6,m_1,f1_0,p0,1,1.5
35,6,f1_0,f2_0,p1,1,6.5
35,7,m_0,f1_0,p0,1,1.5
35,7,m_3,f1_0,p0,1,1.0
35,7,f1_0,f2_0,p1,1,6.5
35,8,f1_0,f2_0,p1,1,6.5
35,8,f2_0,c_1,p2,1,10.5
35,9,f1_0,f2_0,p1,1,6.5
35,9,f2_0,c_4,p2,1,10.5
35,9,f2_0,c_3,p2,1,5.5
35,10,f2_0,c_4,p2,1,10.5
35,10,f2_0,c_1,p2,1,10.0
35,11,f2_0,c_1,p2,1,10.5
35,12,f2_0,c_4,p2,1,10.5
35,13,f1_0,f2_0,p1,1,6.5
35,13,f2_0,c_2,p2,1,10.5
35,14,f1_0,f2_0,p1,1,6.5
35,14,f2_0,c_3,p2,1,10.5
35,15,f2_0,c_4,p2,2,21.0
35,16,f2_0,c_4,p2,1,10.0
35,16,f2_0,c_0,p2,1,10.5
35,21,m_0,f1_0,p0,1,0.5
35,22,m_2,f1_0,p0,1,1.5
35,22,m_4,f1_0,p0,1,1.5
35,23,f1_0,f2_0,p1,1,6.5
35,24,f1_0,f2_0,p1,1,6.5
35,27,m_0,f1_0,p0,1,1.5
35,27,m_4,f1_0,p0,1,1.0
35,29,f1_0,f2_0,p1,1,6.5
35,30,m_1,f1_0,p0,1,1.0
35,30,f1_0,f2_0,p1,1,6.5
35,30,f2_0,c_2,p2,2,21.0
35,30,f2_0,c_0,p2,1,10.5
35,31,m_3,f1_0,p0,1,1.0
35,31,m_0,f1_0,p0,1,1.5
35,31,f1_0,f2_0,p1,1,6.5
35,31,f2_0,c_0,p2,2,20.0
35,32,f1_0,f2_0,p1,1,6.5
35,32,f2_0,c_3,p2,2,21.0
35,33,m_3,f1_0,p0,1,0.5
35,33,f1_0,f2_0,p1,1,6.5
35,33,f2_0,c_4,p2,1,10.0
35,33,f2_0,c_2,p2,1,10.5
35,34,m_3,f1_0,p0,1,1.0
35,34,f1_0,f2_0,p1,1,6.5
35,34,f2_0,c_2,p2,2,21.0
35,35,f1_0,f2_0,p1,1,6.5
35,35,f2_0,c_2,p2,2,21.0
35,36,f1_0,f2_0,p1,1,6.5
35,36,f2_0,c_4,p2,3,31.5
35,37,f2_0,c_1,p2,3,31.5
35,38,f2_0,c_1,p2,3,31.5
35,39,f2_0,c_0,p2,1,10.0
35,39,f2_0,c_3,p2,1,10.0
35,42,m_1,f1_0,p0,1,1.0
35,43,m_1,f1_0,p0,1,1.5
35,44,f1_0,f2_0,p1,1,6.5
35,45,f1_0,f2_0,p1,1,6.5
35,49,m_4,f1_0,p0,1,1.5
35,49,m_2,f1_0,p0,1,1.0
35,49,f2_0,c_3,p2,2,21.0
35,49,f2_0,c_1,p2,1,10.5
35,49,f2_0,c_4,p2,1,3.0
35,50,f1_0,f2_0,p1,1,6.5
35,51,f1_0,f2_0,p1,1,6.5
35,52,m_1,f1_0,p0,1,1.5
35,52,m_2,f1_0,p0,1,1.5
35,52,f2_0,c_1,p2,3,31.5
35,53,f1_0,f2_0,p1,1,6.5
35,53,f2_0,c_2,p2,2,20.0
35,54,f1_0,f2_0,p1,1,2.5
35,54,f2_0,c_2,p2,1,10.0
35,54,f2_0,c_0,p2,1,10.5
35,56,f2_0,c_4,p2,2,21.0
35,56,f2_0,c_2,p2,2,21.0
35,57,f2_0,c_4,p2,1,10.0
35,61,m_3,f1_0,p0,1,1.0
35,61,m_4,f1_0,p0,1,1.5
35,62,m_4,f1_0,p0,1,1.0
35,63,f1_0,f2_0,p1,1,6.5
35,64,f1_0,f2_0,p1,1,6.5
35,65,m_1,f1_0,p0,1,1.0
35,67,f1_0,f2_0,p1,1,6.5
35,68,m_3,f1_0,p0,1,1.0
35,69,m_2,f1_0,p0,1,1.5
35,69,m_3,f1_0,p0,1,1.5
35,69,f1_0,f2_0,p1,1,6.5
35,70,f1_0,f2_0,p1,1,6.5
35,71,m_1,f1_0,p0,1,1.5
35,71,m_0,f1_0,p0,1,1.5
35,71,f1_0,f2_0,p1,1,6.5
35,71,f2_0,c_4,p2,2,21.0
35,71,f2_0,c_0,p2,2,21.0
35,71,f2_0,c_3,p2,2,21.0
35,72,f1_0,f2_0,p1,1,6.5
35,72,f2_0,c_4,p2,1,10.0
35,72,f2_0,c_3,p2,1,10.5
35,73,m_2,f1_0,p0,1,1.5
35,73,f1_0,f2_0,p1,1,6.5
35,73,f2_0,c_3,p2,2,21.0
35,74,f1_0,f2_0,p1,1,6.5
35,74,f2_0,c_0,p2,2,20.0
35,75,f1_0,f2_0,p1,1,6.5
35,75,f2_0,c_4,p2,1,10.0
35,75,f2_0,c_1,p2,1,10.5
35,76,f2_0,c_4,p2,1,10.0
35,76,f2_0,c_2,p2,1,10.0
35,77,m_1,f1_0,p0,1,1.5
35,77,m_3,f1_0,p0,1,1.5
35,77,m_2,f1_0,p0,1,1.0
35,77,f2_0,c_4,p2,2,21.0
35,78,m_1,f1_0,p0,1,1.5
35,79,f1_0,f2_0,p1,1,6.5
35,80,f1_0,f2_0,p1,1,6.5
35,83,m_1,f1_0,p0,1,1.5
35,83,m_0,f1_0,p0,1,1.0
35,83,m_3,f1_0,p0,1,1.5
35,84,m_0,f1_0,p0,1,1.0
35,84,f2_0,c_4,p2,1,10.0
35,84,f2_0,c_3,p2,1,10.0
35,84,f2_0,c_1,p2,3,31.5
35,84,f2_0,c_0,p2,1,10.0
35,86,f1_0,f2_0,p1,2,13.0
35,86,f1_0,f2_0,p1,1,3.0
35,87,f1_0,f2_0,p1,1,6.5
35,87,f2_0,c_2,p2,1,10.5
35,87,f2_0,c_3,p2,1,10.5
35,88,f1_0,f2_0,p1,1,6.5
35,88,f2_0,c_0,p2,1,10.0
35,88,f2_0,c_2,p2,1,10.0
35,89,f1_0,f2_0,p1,1,3.0
35,89,f2_0,c_4,p2,1,10.0
35,89,f2_0,c_1,p2,2,20.0
35,90,f2_0,c_4,p2,2,21.0
35,90,f2_0,c_2,p2,1,10.5
35,91,f2_0,c_3,p2,2,21.0
35,91,f2_0,c_2,p2,1,10.5
35,92,f2_0,c_0,p2,1,10.0
39,4,m_2,f1_0,p0,1,1.5
39,5,m_0,f1_0,p0,1,1.5
39,6,m_2,f1_0,p0,1,1.5
39,6,f1_0,f2_0,p1,1,6.0
39,7,m_2,f1_0,p0,1,1.0
39,7,f2_0,c_2,p2,1,3.5
39,8,m_3,f1_0,p0,1,1.5
39,8,f1_0,f2_0,p1,2,12.0
39,10,f1_0,f2_0,p1,2,12.0
39,10,f2_0,c_1,p2,2,21.0
39,11,m_3,f1_0,p0,1,1.0
39,11,f2_0,c_2,p2,2,6.0
39,12,m_1,f1_0,p0,1,1.0
39,12,f1_0,f2_0,p1,1,2.5
39,12,f2_0,c_3,p2,2,13.0
39,13,m_2,f1_0,p0,1,1.0
39,13,f1_0,f2_0,p1,1,6.0
39,13,f2_0,c_0,p2,2,21.0
39,14,m_2,f1_0,p0,2,3.0
39,14,m_3,f1_0,p0,1,1.0
39,14,f1_0,f2_0,p1,1,6.0
39,14,f2_0,c_4,p2,1,2.5
39,14,f2_0,c_1,p2,1,10.5
39,15,f1_0,f2_0,p1,1,6.0
39,15,f1_0,f2_0,p1,1,6.0
39,15,f2_0,c_1,p2,2,21.0
39,16,f1_0,f2_0,p1,1,6.0
39,16,f2_0,c_3,p2,1,10.0
39,16,f2_0,c_3,p2,1,10.5
39,16,f2_0,c_1,p2,1,10.5
39,17,f2_0,c_1,p2,2,21.0
39,17,f2_0,c_4,p2,1,10.5
39,18,f2_0,c_3,p2,1,10.0
39,18,f2_0,c_2,p2,2,20.0
39,22,m_2,f1_0,p0,1,1.5
39,22,f2_0,c_0,p2,3,31.5
39,22,f2_0,c_1,p2,3,31.5
39,22,f2_0,c_2,p2,1,10.5
39,23,m_2,f1_0,p0,1,1.0
39,25,m_3,f1_0,p0,1,1.5
39,25,f1_0,f2_0,p1,1,6.0
39,25,f1_0,f2_0,p1,1,6.0
39,26,m_4,f1_0,p0,1,1.0
39,26,f2_0,c_1,p2,2,21.0
39,27,f1_0,f2_0,p1,1,6.0
39,27,f2_0,c_4,p2,2,20.0
39,28,f1_0,f2_0,p1,1,6.0
39,30,f2_0,c_0,p2,2,21.0
39,30,f2_0,c_2,p2,1,10.0
39,30,f2_0,c_1,p2,1,10.0
39,30,f2_0,c_4,p2,1,10.0
39,30,f2_0,c_3,p2,1,10.5
39,31,f2_0,c_3,p2,2,21.0
39,39,m_4,f1_0,p0,1,1.0
39,40,f1_0,f2_0,p1,1,6.0
39,41,m_3,f1_0,p0,1,1.5
39,42,m_1,f1_0,p0,1,1.5
39,42,m_2,f1_0,p0,1,1.5
39,42,f1_0,f2_0,p1,1,2.0
39,43,f1_0,f2_0,p1,1,6.0
39,44,m_3,f1_0,p0,1,1.0
39,44,f1_0,f2_0,p1,1,6.0
39,45,m_2,f1_0,p0,1,1.0
39,45,m_1,f1_0,p0,1,1.0
39,46,m_1,f1_0,p0,1,1.5
39,46,f1_0,f2_0,p1,1,3.0
39,47,f1_0,f2_0,p1,1,6.0
39,47,f1_0,f2_0,p1,1,6.0
39,48,m_2,f1_0,p0,1,1.0
39,48,f1_0,f2_0,p1,1,6.0
39,48,f2_0,c_0,p2,1,6.0
39,48,f2_0,c_4,p2,4,42.0
39,48,f2_0,c_3,p2,3,31.5
39,49,m_4,f1_0,p0,1,1.0
39,49,f2_0,c_1,p2,2,21.0
39,49,f2_0,c_0,p2,1,10.0
39,50,m_4,f1_0,p0,1,1.0
39,50,f1_0,f2_0,p1,1,6.0
39,50,f1_0,f2_0,p1,1,6.0
39,51,m_3,f1_0,p0,2,3.0
39,51,f1_0,f2_0,p1,1,6.0
39,52,f1_0,f2_0,p1,1,6.0
39,52,f2_0,c_2,p2,4,42.0
39,52,f2_0,c_0,p2,2,21.0
39,53,f1_0,f2_0,p1,1,6.0
39,53,f2_0,c_3,p2,1,10.5
39,53,f2_0,c_1,p2,2,21.0
39,54,f2_0,c_2,p2,2,21.0
39,54,f2_0,c_3,p2,1,10.5
39,55,f2_0,c_0,p2,2,20.0
39,55,f2_0,c_3,p2,1,10.0
39,56,m_0,f1_0,p0,1,1.5
39,56,f2_0,c_0,p2,1,10.5
39,56,f2_0,c_4,p2,2,21.0
39,57,f2_0,c_1,p2,2,21.0
39,57,f2_0,c_0,p2,1,10.5
39,58,m_1,f1_0,p0,1,1.5
39,58,m_2,f1_0,p0,1,1.0
39,58,m_3,f1_0,p0,1,1.5
39,58,f2_0,c_4,p2,1,10.5
39,60,m_3,f1_0,p0,1,1.5
39,62,f1_0,f2_0,p1,1,6.0
39,63,m_2,f1_0,p0,1,1.0
39,63,m_3,f1_0,p0,1,1.5
39,63,f1_0,f2_0,p1,1,2.5
39,63,f1_0,f2_0,p1,1,6.0
39,63,f2_0,c_3,p2,1,10.0
39,64,m_2,f1_0,p0,1,1.5
39,64,f1_0,f2_0,p1,2,12.0
39,64,f1_0,f2_0,p1,1,6.0
39,65,m_1,f1_0,p0,1,1.5
39,65,m_4,f1_0,p0,1,0.5
39,65,f1_0,f2_0,p1,1,6.0
39,66,f1_0,f2_0,p1,1,6.0
39,67,f1_0,f2_0,p1,1,6.0
39,67,f2_0,c_1,p2,1,10.0
39,67,f2_0,c_2,p2,2,20.0
39,68,f2_0,c_3,p2,4,42.0
39,68,f2_0,c_4,p2,4,42.0
39,68,f2_0,c_2,p2,1,10.5
39,69,f2_0,c_1,p2,3,31.5
39,70,f2_0,c_3,p2,2,20.0
39,78,f2_0,c_4,p2,1,10.0
39,78,f2_0,c_3,p2,4,42.0
39,95,f1_0,f2_0,p1,1,6.0
39,98,f2_0,c_3,p2,2,21.0
41,4,m_1,f1_0,p0,1,1.0
41,6,f1_0,f2_0,p1,1,6.0
41,7,f2_0,c_2,p2,1,10.5
41,8,m_0,f1_0,p0,1,1.0
41,9,m_0,f1_0,p0,1,1.0
41,9,m_1,f1_0,p0,1,1.0
41,10,m_3,f1_0,p0,1,1.5
41,10,f1_0,f2_0,p1,2,12.0
41,11,f1_0,f2_0,p1,1,3.0
41,12,m_2,f1_0,p0,1,1.0
41,12,m_4,f1_0,p0,1,1.5
41,12,f1_0,f2_0,p1,1,6.0
41,13,m_0,f1_0,p0,1,1.0
41,13,f1_0,f2_0,p1,1,6.0
41,13,f2_0,c_1,p2,1,6.0
41,14,m_2,f1_0,p0,1,1.0
41,14,m_4,f1_0,p0,1,1.0
41,14,m_1,f1_0,p0,1,1.0
41,14,f1_0,f2_0,p1,1,6.0
41,15,m_0,f1_0,p0,1,1.5
41,15,m_2,f1_0,p0,1,1.5
41,15,f1_0,f2_0,p1,2,12.0
41,15,f2_0,c_3,p2,1,10.5
41,15,f2_0,c_1,p2,3,31.5
41,15,f2_0,c_0,p2,2,21.0
41,15,f2_0,c_4,p2,1,10.5
41,16,m_0,f1_0,p0,1,1.5
41,16,f1_0,f2_0,p1,1,6.0
41,16,f1_0,f2_0,p1,1,6.0
41,16,f2_0,c_0,p2,3,31.5
41,17,m_2,f1_0,p0,2,3.0
41,17,m_1,f1_0,p0,2,3.0
41,17,f1_0,f2_0,p1,1,6.0
41,17,f1_0,f2_0,p1,1,6.0
41,17,f2_0,c_3,p2,3,31.5
41,18,m_4,f1_0,p0,1,1.5
41,18,m_2,f1_0,p0,1,1.0
41,18,m_1,f1_0,p0,1,1.5
41,18,f1_0,f2_0,p1,2,12.0
41,18,f2_0,c_2,p2,3,31.5
41,19,m_3,f1_0,p0,1,1.0
41,19,f1_0,f2_0,p1,2,12.0
41,19,f2_0,c_3,p2,3,31.5
41,20,m_4,f1_0,p0,1,1.0
41,20,m_4,f1_0,p0,1,1.5
41,20,m_1,f1_0,p0,1,1.5
41,20,f1_0,f2_0,p1,1,6.0
41,20,f1_0,f2_0,p1,1,6.0
41,20,f2_0,c_0,p2,4,42.0
41,21,f2_0,c_1,p2,3,30.0
41,21,f2_0,c_0,p2,1,10.0
41,22,m_4,f1_0,p0,2,2.0
41,22,f1_0,f2_0,p1,2,8.0
41,22,f1_0,f2_0,p1,2,12.0
41,22,f2_0,c_4,p2,3,31.5
41,22,f2_0,c_1,p2,1,10.5
41,23,m_1,f1_0,p0,2,1.0
41,23,f1_0,f2_0,p1,2,6.0
41,23,f2_0,c_0,p2,3,31.5
41,23,f2_0,c_1,p2,1,10.5
41,24,m_3,f1_0,p0,2,1.0
41,24,m_2,f1_0,p0,2,3.0
41,24,f2_0,c_0,p2,2,21.0
41,24,f2_0,c_4,p2,2,21.0
41,25,f2_0,c_4,p2,3,31.5
41,25,f2_0,c_1,p2,1,10.5
41,26,f1_0,f2_0,p1,3,18.0
41,26,f1_0,f2_0,p1,2,12.0
41,26,f1_0,f2_0,p1,1,6.0
41,26,f2_0,c_2,p2,2,21.0
41,26,f2_0,c_4,p2,2,21.0
41,27,f2_0,c_0,p2,3,31.5
41,27,f2_0,c_2,p2,1,10.5
41,28,f2_0,c_2,p2,4,42.0
41,29,f2_0,c_1,p2,3,31.5
41,29,f2_0,c_0,p2,1,10.5
41,30,f1_0,f2_0,p1,1,6.0
41,30,f2_0,c_3,p2,1,10.0
41,30,f2_0,c_0,p2,1,10.5
41,31,m_1,f1_0,p0,1,1.5
41,31,f1_0,f2_0,p1,1,6.0
41,32,f1_0,f2_0,p1,1,6.0
41,34,f2_0,c_1,p2,2,21.0
41,34,f2_0,c_3,p2,2,21.0
41,34,f2_0,c_4,p2,1,10.5
41,35,f2_0,c_2,p2,1,10.0
41,36,f2_0,c_0,p2,3,30.0
41,37,f2_0,c_3,p2,3,31.5
41,38,f2_0,c_3,p2,3,31.5
41,39,f2_0,c_2,p2,2,21.0
41,39,f2_0,c_0,p2,1,10.5
41,40,f2_0,c_4,p2,1,10.0
41,40,f2_0,c_2,p2,1,10.0
41,43,m_2,f1_0,p0,1,1.5
41,43,f2_0,c_2,p2,1,10.5
41,43,f2_0,c_1,p2,1,10.5
41,44,m_1,f1_0,p0,1,1.5
41,44,f1_0,f2_0,p1,1,6.0
41,45,m_0,f1_0,p0,1,1.5
41,45,f1_0,f2_0,p1,1,6.0
41,46,f1_0,f2_0,p1,1,6.0
41,48,m_2,f1_0,p0,1,1.5
41,48,m_0,f1_0,p0,1,1.0
41,49,m_4,f1_0,p0,1,1.0
41,49,f1_0,f2_0,p1,1,6.0
41,50,f1_0,f2_0,p1,1,6.0
41,51,f1_0,f2_0,p1,1,6.0
41,51,f2_0,c_0,p2,2,21.0
41,51,f2_0,c_2,p2,2,21.0
41,51,f2_0,c_3,p2,2,21.0
41,51,f2_0,c_4,p2,3,31.5
41,52,m_2,f1_0,p0,1,1.5
41,52,f2_0,c_0,p2,2,20.0
41,53,f1_0,f2_0,p1,1,6.0
41,53,f2_0,c_4,p2,1,10.0
41,53,f2_0,c_1,p2,2,21.0
41,54,f2_0,c_0,p2,2,21.0
41,54,f2_0,c_2,p2,1,10.5
41,55,f2_0,c_4,p2,3,30.0
41,56,m_1,f1_0,p0,1,1.0
41,56,f2_0,c_4,p2,3,31.5
41,57,f1_0,f2_0,p1,1,6.0
41,59,f2_0,c_4,p2,1,10.0
41,59,f2_0,c_1,p2,3,31.5
41,59,f2_0,c_2,p2,2,21.0
41,59,f2_0,c_0,p2,1,10.0
41,60,f2_0,c_2,p2,1,3.0
41,67,m_3,f1_0,p0,1,1.0
41,68,m_2,f1_0,p0,1,1.5
41,68,m_0,f1_0,p0,1,1.0
41,69,m_0,f1_0,p0,1,1.0
41,70,m_2,f1_0,p0,1,1.5
41,70,m_3,f1_0,p0,1,1.5
41,70,f1_0,f2_0,p1,1,6.0
41,70,f1_0,f2_0,p1,2,12.0
41,71,f1_0,f2_0,p1,1,1.5
41,71,f2_0,c_2,p2,1,10.0
41,72,f1_0,f2_0,p1,1,6.0
41,74,f2_0,c_0,p2,4,42.0
41,74,f2_0,c_2,p2,2,21.0
41,81,m_2,f1_0,p0,1,1.5
41,83,f1_0,f2_0,p1,1,6.0
41,84,f2_0,c_0,p2,2,21.0
41,84,f2_0,c_4,p2,1,10.0
41,84,f2_0,c_1,p2,2,21.0
41,85,f2_0,c_0,p2,2,21.0
44,4,m_4,f1_0,p0,1,1.0
44,4,m_1,f1_0,p0,1,1.0
44,5,m_1,f1_0,p0,1,1.0
44,7,m_1,f1_0,p0,1,1.5
44,7,m_4,f1_0,p0,1,1.5
44,7,f1_0,f2_0,p1,2,12.0
44,8,f2_0,c_2,p2,2,19.0
44,9,f1_0,f2_0,p1,1,6.0
44,10,f2_0,c_1,p2,2,19.0
44,11,m_3,f1_0,p0,1,1.0
44,11,f1_0,f2_0,p1,1,6.0
44,11,f2_0,c_3,p2,2,19.0
44,12,m_2,f1_0,p0,1,1.5
44,12,m_1,f1_0,p0,1,1.5
44,13,f1_0,f2_0,p1,1,6.0
44,13,f2_0,c_3,p2,1,9.5
44,14,f1_0,f2_0,p1,1,3.5
44,15,f2_0,c_1,p2,3,28.5
44,16,f2_0,c_1,p2,2,19.0
44,22,f1_0,f2_0,p1,1,6.0
44,27,m_0,f1_0,p0,1,1.5
44,27,f1_0,f2_0,p1,1,6.0
44,28,m_4,f1_0,p0,1,1.5
44,28,f1_0,f2_0,p1,1,6.0
44,29,m_1,f1_0,p0,1,1.5
44,29,f1_0,f2_0,p1,1,6.0
44,30,m_0,f1_0,p0,1,1.0
44,30,m_3,f1_0,p0,1,1.5
44,30,m_4,f1_0,p0,1,1.5
44,30,f1_0,f2_0,p1,1,6.0
44,30,f2_0,c_3,p2,3,28.5
44,30,f2_0,c_0,p2,3,28.5
44,31,f1_0,f2_0,p1,1,6.0
44,31,f2_0,c_3,p2,2,19.0
44,32,f1_0,f2_0,p1,1,6.0
44,32,f2_0,c_4,p2,2,19.0
44,33,f1_0,f2_0,p1,1,6.0
44,33,f2_0,c_0,p2,2,19.0
44,34,f2_0,c_0,p2,2,19.0
44,35,f2_0,c_4,p2,2,19.0
44,36,f2_0,c_4,p2,2,19.0
44,44,m_4,f1_0,p0,1,1.5
44,44,m_1,f1_0,p0,1,1.0
44,45,f1_0,f2_0,p1,1,2.5
44,46,f1_0,f2_0,p1,1,6.0
44,48,m_2,f1_0,p0,1,1.0
44,48,m_1,f1_0,p0,1,1.0
44,49,m_3,f1_0,p0,1,1.5
44,49,f1_0,f2_0,p1,1,6.0
44,50,m_2,f1_0,p0,1,1.5
44,50,m_1,f1_0,p0,1,1.5
44,50,m_0,f1_0,p0,1,1.0
44,50,f1_0,f2_0,p1,1,6.0
44,50,f2_0,c_1,p2,4,38.0
44,50,f2_0,c_3,p2,1,9.5
44,50,f2_0,c_4,p2,1,9.5
44,50,f2_0,c_0,p2,3,28.5
44,51,m_2,f1_0,p0,1,1.0
44,51,f1_0,f2_0,p1,1,6.0
44,51,f2_0,c_2,p2,3,28.5
44,52,m_2,f1_0,p0,1,1.0
44,52,m_2,f1_0,p0,1,1.5
44,52,m_3,f1_0,p0,1,1.5
44,52,f1_0,f2_0,p1,1,6.0
44,52,f2_0,c_3,p2,3,28.5
44,53,f1_0,f2_0,p1,2,12.0
44,53,f2_0,c_2,p2,1,9.5
44,53,f2_0,c_1,p2,2,19.0
44,54,f1_0,f2_0,p1,1,6.0
44,54,f1_0,f2_0,p1,1,6.0
44,54,f2_0,c_1,p2,3,28.5
44,55,f2_0,c_2,p2,2,19.0
44,55,f2_0,c_1,p2,1,9.5
44,56,f2_0,c_2,p2,3,28.5
44,57,f2_0,c_1,p2,1,9.5
44,57,f2_0,c_4,p2,1,9.5
44,57,f2_0,c_0,p2,1,9.5
44,58,f2_0,c_2,p2,1,9.5
44,58,f2_0,c_0,p2,2,19.0
44,62,f1_0,f2_0,p1,1,6.0
44,63,f1_0,f2_0,p1,1,6.0
44,65,f2_0,c_0,p2,1,9.5
44,65,f2_0,c_4,p2,1,9.5
44,65,f2_0,c_1,p2,2,19.0
44,65,f2_0,c_3,p2,2,19.0
44,65,f2_0,c_2,p2,2,19.0
44,66,m_3,f1_0,p0,1,1.5
44,66,m_3,f1_0,p0,1,1.5
44,67,m_1,f1_0,p0,1,1.0
44,67,m_4,f1_0,p0,1,1.0
44,67,f1_0,f2_0,p1,1,6.0
44,67,f2_0,c_2,p2,1,9.5
44,67,f2_0,c_4,p2,2,19.0
44,68,m_2,f1_0,p0,1,1.5
44,68,m_3,f1_0,p0,1,1.5
44,68,f1_0,f2_0,p1,2,12.0
44,68,f2_0,c_3,p2,1,9.5
44,68,f2_0,c_1,p2,2,19.0
44,69,m_0,f1_0,p0,1,0.5
44,69,m_1,f1_0,p0,1,1.5
44,69,f1_0,f2_0,p1,1,6.0
44,69,f1_0,f2_0,p1,1,6.0
44,69,f2_0,c_3,p2,3,28.5
44,70,f1_0,f2_0,p1,1,6.0
44,70,f1_0,f2_0,p1,1,6.0
44,70,f2_0,c_3,p2,2,19.0
44,70,f2_0,c_1,p2,1,9.5
44,71,f1_0,f2_0,p1,1,6.0
44,71,f2_0,c_1,p2,2,19.0
44,71,f2_0,c_4,p2,1,9.5
44,72,f2_0,c_1,p2,2,19.0
44,72,f2_0,c_4,p2,1,9.5
44,73,f2_0,c_1,p2,1,9.5
44,73,f2_0,c_0,p2,1,9.5
44,83,m_0,f1_0,p0,1,1.5
44,83,m_4,f1_0,p0,1,1.0
44,83,m_2,f1_0,p0,1,1.5
44,83,m_1,f1_0,p0,1,1.5
44,85,f1_0,f2_0,p1,1,6.0
44,86,f2_0,c_4,p2,4,38.0
44,86,f2_0,c_1,p2,4,38.0
44,86,f2_0,c_2,p2,3,28.5
44,86,f2_0,c_3,p2,1,9.5
44,87,f2_0,c_1,p2,1,9.5
53,5,m_0,f1_0,p0,1,1.0
53,6,m_4,f1_0,p0,1,1.0
53,6,m_1,f1_0,p0,1,1.5
53,6,f1_0,f2_0,p1,1,6.5
53,7,m_2,f1_0,p0,1,1.5
53,7,f1_0,f2_0,p1,1,6.5
53,8,f1_0,f2_0,p1,1,6.5
53,9,m_0,f1_0,p0,1,1.5
53,9,f1_0,f2_0,p1,1,6.5
53,9,f2_0,c_0,p2,4,42.0
53,9,f2_0,c_4,p2,1,10.5
53,10,f1_0,f2_0,p1,1,4.0
53,10,f2_0,c_0,p2,1,3.0
53,11,m_2,f1_0,p0,1,1.0
53,11,f2_0,c_3,p2,1,10.5
53,12,m_1,f1_0,p0,1,1.5
53,12,f1_0,f2_0,p1,1,6.5
53,12,f2_0,c_3,p2,2,21.0
53,13,m_4,f1_0,p0,1,1.0
53,13,m_2,f1_0,p0,1,1.0
53,13,f1_0,f2_0,p1,1,2.5
53,13,f2_0,c_1,p2,2,19.0
53,13,f2_0,c_2,p2,1,10.0
53,13,f2_0,c_4,p2,1,10.5
53,14,f1_0,f2_0,p1,2,13.0
53,15,f2_0,c_0,p2,3,31.5
53,15,f2_0,c_2,p2,3,31.5
53,16,f2_0,c_4,p2,1,10.0
53,16,f2_0,c_4,p2,2,21.0
53,17,f2_0,c_0,p2,1,10.5
53,17,f2_0,c_3,p2,2,21.0
53,18,f2_0,c_3,p2,2,21.0
53,18,f2_0,c_1,p2,1,10.0
53,19,f2_0,c_4,p2,2,21.0
53,19,f2_0,c_0,p2,1,10.5
53,23,m_4,f1_0,p0,1,1.0
53,23,m_2,f1_0,p0,1,1.5
53,23,m_1,f1_0,p0,1,1.0
53,25,m_2,f1_0,p0,1,1.5
53,25,m_4,f1_0,p0,1,1.5
53,27,m_2,f1_0,p0,1,1.0
53,28,m_3,f1_0,p0,1,1.5
53,29,f1_0,f2_0,p1,2,13.0
53,29,f1_0,f2_0,p1,1,6.5
53,29,f1_0,f2_0,p1,1,6.5
53,30,m_3,f1_0,p0,1,1.5
53,30,f1_0,f2_0,p1,2,13.0
53,30,f2_0,c_0,p2,3,18.0
53,31,f1_0,f2_0,p1,1,6.5
53,31,f2_0,c_3,p2,3,30.0
53,32,f1_0,f2_0,p1,1,6.5
53,32,f2_0,c_4,p2,3,30.0
53,33,f2_0,c_3,p2,1,10.0
53,33,f2_0,c_4,p2,2,20.0
53,34,m_0,f1_0,p0,1,1.5
53,34,m_3,f1_0,p0,1,1.0
53,34,f2_0,c_1,p2,3,31.5
53,35,m_0,f1_0,p0,1,1.5
53,36,m_0,f1_0,p0,1,1.5
53,36,m_2,f1_0,p0,1,1.5
53,36,m_3,f1_0,p0,1,1.5
53,36,m_4,f1_0,p0,1,1.5
53,36,f1_0,f2_0,p1,1,6.5
53,37,m_3,f1_0,p0,1,1.0
53,37,f1_0,f2_0,p1,1,6.5
53,38,f1_0,f2_0,p1,1,6.5
53,39,m_3,f1_0,p0,1,1.5
53,39,m_1,f1_0,p0,1,1.0
53,39,f1_0,f2_0,p1,1,6.5
53,39,f2_0,c_4,p2,3,30.0
53,39,f2_0,c_0,p2,1,10.0
53,39,f2_0,c_1,p2,1,10.0
53,39,f2_0,c_2,p2,1,10.0
53,40,f1_0,f2_0,p1,1,6.5
53,41,f1_0,f2_0,p1,1,6.5
53,41,f2_0,c_1,p2,3,31.5
53,41,f2_0,c_4,p2,3,31.5
53,41,f2_0,c_2,p2,1,10.5
53,42,f1_0,f2_0,p1,1,6.5
53,42,f2_0,c_0,p2,1,10.0
53,42,f2_0,c_4,p2,1,10.0
53,42,f2_0,c_3,p2,1,10.0
53,43,f1_0,f2_0,p1,1,6.5
53,43,f2_0,c_0,p2,1,10.0
53,43,f2_0,c_4,p2,2,21.0
53,45,m_4,f1_0,p0,2,3.0
53,45,f1_0,f2_0,p1,2,13.0
53,45,f2_0,c_3,p2,3,31.5
53,46,m_2,f1_0,p0,1,1.5
53,46,m_3,f1_0,p0,1,1.5
53,46,f1_0,f2_0,p1,1,6.5
53,46,f2_0,c_4,p2,3,31.5
53,47,m_0,f1_0,p0,1,1.0
53,47,m_2,f1_0,p0,1,1.0
53,47,m_2,f1_0,p0,1,1.5
53,47,f1_0,f2_0,p1,1,6.5
53,47,f1_0,f2_0,p1,1,6.5
53,47,f2_0,c_3,p2,3,30.0
53,48,m_4,f1_0,p0,1,1.0
53,48,f1_0,f2_0,p1,1,6.5
53,48,f2_0,c_2,p2,3,31.5
53,49,f1_0,f2_0,p1,3,19.5
53,49,f2_0,c_4,p2,1,4.5
53,49,f2_0,c_3,p2,1,10.5
53,49,f2_0,c_2,p2,1,10.5
53,50,f1_0,f2_0,p1,1,6.5
53,50,f2_0,c_0,p2,1,10.5
53,50,f2_0,c_3,p2,3,31.5
53,51,f2_0,c_4,p2,1,10.0
53,51,f2_0,c_2,p2,3,31.5
53,52,f2_0,c_2,p2,2,21.0
53,52,f2_0,c_1,p2,2,21.0
53,53,f2_0,c_1,p2,1,10.0
53,53,f2_0,c_2,p2,1,10.0
53,54,f2_0,c_1,p2,2,21.0
53,55,m_3,f1_0,p0,1,1.0
53,56,m_2,f1_0,p0,1,1.5
53,57,m_1,f1_0,p0,1,1.0
53,57,m_4,f1_0,p0,1,1.0
53,57,m_2,f1_0,p0,1,1.0
53,59,m_0,f1_0,p0,1,1.0
53,59,m_2,f1_0,p0,1,1.5
53,59,f1_0,f2_0,p1,1,6.5
53,60,m_3,f1_0,p0,1,1.5
53,60,m_4,f1_0,p0,1,1.0
53,60,f1_0,f2_0,p1,1,6.5
53,60,f1_0,f2_0,p1,2,13.0
53,61,f1_0,f2_0,p1,2,13.0
53,61,f2_0,c_0,p2,2,21.0
53,61,f2_0,c_3,p2,2,21.0
53,61,f2_0,c_4,p2,3,31.5
53,62,f1_0,f2_0,p1,1,6.5
53,62,f2_0,c_4,p2,2,20.0
53,63,f1_0,f2_0,p1,1,6.5
53,63,f2_0,c_3,p2,3,31.5
53,64,m_3,f1_0,p0,1,1.5
53,64,m_2,f1_0,p0,1,1.0
53,64,m_2,f1_0,p0,1,1.0
53,64,f1_0,f2_0,p1,1,6.5
53,64,f2_0,c_3,p2,3,31.5
53,65,m_0,f1_0,p0,1,1.0
53,65,f1_0,f2_0,p1,1,6.5
53,66,f1_0,f2_0,p1,2,13.0
53,67,f1_0,f2_0,p1,1,6.5
53,67,f2_0,c_2,p2,3,31.5
53,67,f2_0,c_3,p2,1,10.5
53,67,f2_0,c_4,p2,3,31.5
53,68,f2_0,c_4,p2,2,21.0
53,68,f2_0,c_3,p2,1,10.5
53,69,f2_0,c_2,p2,2,20.0
53,69,f2_0,c_0,p2,1,10.0
53,71,m_4,f1_0,p0,1,1.0
53,73,m_2,f1_0,p0,1,1.5
53,73,m_1,f1_0,p0,1,1.0
53,73,f1_0,f2_0,p1,1,6.5
53,75,f1_0,f2_0,p1,1,6.5
53,75,f1_0,f2_0,p1,1,6.5
53,76,f2_0,c_1,p2,3,31.5
53,76,f2_0,c_0,p2,4,42.0
53,77,f2_0,c_2,p2,2,21.0
53,77,f2_0,c_0,p2,2,21.0
53,77,f2_0,c_4,p2,2,21.0
53,78,m_1,f1_0,p0,1,1.0
53,78,m_2,f1_0,p0,1,1.0
53,78,f2_0,c_1,p2,1,10.0
53,79,m_0,f1_0,p0,1,1.5
53,79,f1_0,f2_0,p1,1,6.5
53,79,f2_0,c_3,p2,1,10.0
53,80,f1_0,f2_0,p1,1,6.5
53,81,f1_0,f2_0,p1,1,6.5
53,82,f2_0,c_4,p2,2,21.0
53,82,f2_0,c_3,p2,2,21.0
53,83,f2_0,c_0,p2,2,21.0
53,84,f2_0,c_1,p2,1,10.0
53,84,f2_0,c_2,p2,1,10.0
53,86,m_1,f1_0,p0,1,0.5
53,87,f1_0,f2_0,p1,1,6.5
53,91,f2_0,c_3,p2,1,10.0
53,91,f2_0,c_0,p2,2,21.0
53,98,f2_0,c_0,p2,2,21.0
56,4,m_2,f1_0,p0,1,1.5
56,4,m_0,f1_0,p0,1,1.5
56,4,m_4,f1_0,p0,1,1.0
56,6,f1_0,f2_0,p1,2,13.0
56,7,f2_0,c_0,p2,2,18.0
56,8,m_3,f1_0,p0,1,1.5
56,9,m_1,f1_0,p0,1,1.5
56,9,m_0,f1_0,p0,1,1.0
56,10,m_2,f1_0,p0,1,1.5
56,10,f1_0,f2_0,p1,1,3.0
56,11,m_4,f1_0,p0,1,1.5
56,11,m_3,f1_0,p0,1,1.5
56,11,f1_0,f2_0,p1,1,6.5
56,12,f1_0,f2_0,p1,1,6.5
56,12,f2_0,c_2,p2,2,3.0
56,12,f2_0,c_1,p2,1,9.0
56,13,f1_0,f2_0,p1,1,6.5
56,13,f2_0,c_4,p2,2,18.0
56,14,f2_0,c_1,p2,2,18.0
56,15,f2_0,c_2,p2,2,18.0
56,17,f1_0,f2_0,p1,1,6.5
56,18,m_4,f1_0,p0,1,1.0
56,18,f1_0,f2_0,p1,1,6.5
56,19,m_3,f1_0,p0,1,1.0
56,19,f1_0,f2_0,p1,1,6.5
56,20,m_2,f1_0,p0,1,1.0
56,23,m_3,f1_0,p0,1,1.5
56,24,f1_0,f2_0,p1,1,3.5
56,25,m_2,f1_0,p0,1,1.5
56,25,f1_0,f2_0,p1,1,6.5
56,25,f1_0,f2_0,p1,2,13.0
56,25,f2_0,c_4,p2,1,9.0
56,25,f2_0,c_0,p2,2,18.0
56,25,f2_0,c_3,p2,3,27.0
56,26,m_3,f1_0,p0,1,1.5
56,26,f1_0,f2_0,p1,1,3.0
56,26,f2_0,c_2,p2,3,16.5
56,27,m_4,f1_0,p0,1,1.0
56,27,f1_0,f2_0,p1,1,6.5
56,27,f2_0,c_3,p2,2,18.0
56,27,f2_0,c_4,p2,1,9.0
56,28,f1_0,f2_0,p1,1,6.5
56,28,f2_0,c_0,p2,1,9.0
56,28,f2_0,c_3,p2,2,18.0
56,29,m_0,f1_0,p0,2,1.0
56,29,f2_0,c_4,p2,3,27.0
56,30,f1_0,f2_0,p1,1,4.0
56,30,f2_0,c_0,p2,3,27.0
56,31,f1_0,f2_0,p1,1,6.5
56,31,f2_0,c_1,p2,2,18.0
56,31,f2_0,c_0,p2,2,18.0
56,32,f2_0,c_2,p2,2,18.0
56,32,f2_0,c_3,p2,2,18.0
56,33,f2_0,c_1,p2,3,27.0
56,33,f2_0,c_3,p2,1,9.0
56,34,f2_0,c_0,p2,3,27.0
56,34,f2_0,c_1,p2,1,9.0
56,35,f2_0,c_0,p2,1,9.0
56,46,f2_0,c_0,p2,1,9.0
56,57,m_1,f1_0,p0,1,1.5
56,57,m_0,f1_0,p0,1,1.0
56,58,m_3,f1_0,p0,1,1.5
56,58,m_0,f1_0,p0,1,1.5
56,59,f1_0,f2_0,p1,1,6.5
56,60,f1_0,f2_0,p1,1,6.5
56,61,m_4,f1_0,p0,1,1.5
56,62,m_4,f1_0,p0,1,1.5
56,62,f1_0,f2_0,p1,1,6.5
56,63,f1_0,f2_0,p1,1,6.5
56,64,f1_0,f2_0,p1,1,6.5
56,65,m_1,f1_0,p0,1,1.5
56,66,m_4,f1_0,p0,1,1.0
56,67,f1_0,f2_0,p1,1,6.5
56,67,f2_0,c_2,p2,2,18.0
56,67,f2_0,c_1,p2,3,27.0
56,67,f2_0,c_3,p2,3,12.0
56,68,f1_0,f2_0,p1,1,6.5
56,68,f2_0,c_4,p2,2,6.0
56,69,f2_0,c_1,p2,2,18.0
56,70,f2_0,c_3,p2,1,9.0
56,70,f2_0,c_2,p2,1,9.0
56,76,m_2,f1_0,p0,1,1.0
56,77,f1_0,f2_0,p1,1,6.5
56,78,f1_0,f2_0,p1,1,6.5
56,83,m_4,f1_0,p0,1,1.0
56,84,m_3,f1_0,p0,1,1.5
56,84,f2_0,c_3,p2,2,18.0
56,84,f2_0,c_4,p2,1,9.0
56,85,f1_0,f2_0,p1,1,6.5
56,85,f2_0,c_2,p2,1,9.0
56,86,f1_0,f2_0,p1,1,6.5
56,86,f2_0,c_0,p2,1,9.0
56,86,f2_0,c_4,p2,1,9.0
56,87,f2_0,c_0,p2,2,18.0
56,88,f2_0,c_1,p2,2,18.0
56,89,f2_0,c_0,p2,1,9.0
56,89,f2_0,c_1,p2,1,9.0
59,3,m_3,f1_0,p0,1,1.0
59,4,m_4,f1_0,p0,1,1.5
59,4,m_2,f1_0,p0,1,1.0
59,4,m_3,f1_0,p0,1,1.0
59,4,m_0,f1_0,p0,1,1.0
59,5,m_3,f1_0,p0,1,1.5
59,6,m_0,f1_0,p0,1,1.0
59,6,m_4,f1_0,p0,1,1.0
59,6,f1_0,f2_0,p1,1,6.5
59,7,m_3,f1_0,p0,1,1.5
59,7,m_2,f1_0,p0,1,1.5
59,7,f1_0,f2_0,p1,1,6.5
59,7,f2_0,c_2,p2,1,9.5
59,8,f1_0,f2_0,p1,1,3.5
59,8,f1_0,f2_0,p1,1,6.5
59,8,f2_0,c_2,p2,1,9.5
59,9,m_4,f1_0,p0,1,1.0
59,9,f1_0,f2_0,p1,1,6.5
59,9,f2_0,c_2,p2,1,9.5
59,10,m_0,f1_0,p0,1,1.5
59,10,m_2,f1_0,p0,1,1.5
59,10,f1_0,f2_0,p1,1,6.5
59,10,f2_0,c_3,p2,2,19.0
59,11,m_4,f1_0,p0,1,1.5
59,11,m_3,f1_0,p0,1,1.0
59,11,m_0,f1_0,p0,1,1.5
59,11,f2_0,c_4,p2,2,19.0
59,12,f1_0,f2_0,p1,1,3.5
59,12,f1_0,f2_0,p1,1,6.5
59,12,f2_0,c_1,p2,2,10.0
59,13,f1_0,f2_0,p1,1,6.5
59,13,f2_0,c_4,p2,2,19.0
59,14,f1_0,f2_0,p1,1,6.5
59,14,f2_0,c_2,p2,2,3.0
59,15,f2_0,c_0,p2,2,19.0
59,16,f2_0,c_4,p2,1,9.5
59,16,f2_0,c_2,p2,1,9.5
59,21,f1_0,f2_0,p1,1,6.5
59,23,f1_0,f2_0,p1,2,13.0
59,23,f2_0,c_1,p2,1,9.5
59,23,f2_0,c_3,p2,2,19.0
59,23,f2_0,c_0,p2,2,19.0
59,24,f1_0,f2_0,p1,1,6.5
59,24,f2_0,c_2,p2,1,9.5
59,24,f2_0,c_0,p2,1,9.5
59,25,f1_0,f2_0,p1,1,6.5
59,26,f1_0,f2_0,p1,1,6.5
59,27,m_2,f1_0,p0,1,1.0
59,28,m_2,f1_0,p0,1,1.5
59,28,m_0,f1_0,p0,1,1.0
59,28,f1_0,f2_0,p1,1,6.5
59,29,m_0,f1_0,p0,1,1.5
59,29,f1_0,f2_0,p1,1,6.5
59,29,f2_0,c_2,p2,2,19.0
59,29,f2_0,c_4,p2,3,28.5
59,29,f2_0,c_0,p2,3,28.5
59,30,m_3,f1_0,p0,1,1.5
59,30,f1_0,f2_0,p1,1,6.5
59,30,f2_0,c_4,p2,3,28.5
59,31,f1_0,f2_0,p1,1,6.5
59,31,f2_0,c_4,p2,3,28.5
59,32,m_2,f1_0,p0,1,1.0
59,32,f1_0,f2_0,p1,1,6.5
59,32,f2_0,c_2,p2,3,28.5
59,33,m_1,f1_0,p0,1,1.5
59,33,f1_0,f2_0,p1,1,6.5
59,33,f2_0,c_1,p2,3,28.5
59,34,f2_0,c_3,p2,2,19.0
59,34,f2_0,c_0,p2,1,9.5
59,35,m_4,f1_0,p0,1,1.5
59,35,m_1,f1_0,p0,1,1.0
59,35,f2_0,c_4,p2,3,25.5
59,36,m_3,f1_0,p0,1,1.5
59,36,m_0,f1_0,p0,1,1.0
59,36,m_1,f1_0,p0,1,1.0
59,36,f1_0,f2_0,p1,2,13.0
59,36,f1_0,f2_0,p1,1,6.5
59,36,f2_0,c_0,p2,1,9.5
59,37,m_1,f1_0,p0,1,1.5
59,37,m_4,f1_0,p0,1,1.5
59,37,f2_0,c_3,p2,3,28.5
59,38,f2_0,c_0,p2,3,28.5
59,39,m_0,f1_0,p0,2,3.0
59,39,f2_0,c_2,p2,1,9.5
59,40,m_4,f1_0,p0,2,3.0
59,41,m_2,f1_0,p0,1,1.0
59,41,m_3,f1_0,p0,1,1.0
59,41,m_0,f1_0,p0,1,1.0
59,42,m_1,f1_0,p0,1,1.5
59,42,m_4,f1_0,p0,1,1.0
59,42,f1_0,f2_0,p1,2,4.0
59,42,f1_0,f2_0,p1,3,19.5
59,42,f1_0,f2_0,p1,1,3.0
59,43,m_4,f1_0,p0,1,1.5
59,43,f1_0,f2_0,p1,2,13.0
59,43,f1_0,f2_0,p1,2,13.0
59,43,f2_0,c_3,p2,3,28.5
59,43,f2_0,c_0,p2,1,9.5
59,44,m_2,f1_0,p0,1,1.0
59,44,m_4,f1_0,p0,1,1.5
59,44,f1_0,f2_0,p1,1,6.5
59,44,f2_0,c_1,p2,1,9.5
59,44,f2_0,c_4,p2,2,19.0
59,45,m_4,f1_0,p0,2,3.0
59,45,m_2,f1_0,p0,1,1.5
59,45,f1_0,f2_0,p1,1,6.5
59,45,f1_0,f2_0,p1,2,13.0
59,46,f1_0,f2_0,p1,2,13.0
59,47,f1_0,f2_0,p1,1,6.5
59,47,f1_0,f2_0,p1,1,6.5
59,47,f2_0,c_3,p2,1,3.5
59,47,f2_0,c_2,p2,2,19.0
59,47,f2_0,c_1,p2,3,28.5
59,47,f2_0,c_0,p2,2,2.0
59,48,f1_0,f2_0,p1,2,13.0
59,48,f2_0,c_3,p2,4,38.0
59,48,f2_0,c_2,p2,4,38.0
59,49,f2_0,c_0,p2,1,9.5
59,49,f2_0,c_4,p2,3,28.5
59,50,m_1,f1_0,p0,1,1.5
59,50,f2_0,c_3,p2,4,38.0
59,51,f2_0,c_1,p2,2,19.0
59,51,f2_0,c_4,p2,2,19.0
59,52,f2_0,c_3,p2,2,19.0
59,52,f2_0,c_4,p2,1,9.5
59,53,m_1,f1_0,p0,1,0.5
59,53,f2_0,c_3,p2,3,28.5
59,54,f2_0,c_2,p2,2,19.0
59,54,f2_0,c_3,p2,1,9.5
59,55,f1_0,f2_0,p1,1,6.5
59,55,f1_0,f2_0,p1,1,6.5
59,55,f2_0,c_2,p2,2,19.0
59,55,f2_0,c_0,p2,2,19.0
59,56,f2_0,c_4,p2,3,28.5
59,56,f2_0,c_0,p2,1,9.5
59,58,f2_0,c_0,p2,1,9.5
59,58,f2_0,c_3,p2,2,19.0
59,58,f2_0,c_2,p2,2,19.0
59,58,f2_0,c_4,p2,1,9.5
59,59,f2_0,c_1,p2,3,28.5
59,59,f2_0,c_3,p2,1,9.5
59,60,f2_0,c_0,p2,1,9.5
59,62,m_4,f1_0,p0,1,1.0
59,62,m_1,f1_0,p0,1,1.0
59,62,m_0,f1_0,p0,1,1.0
59,64,f1_0,f2_0,p1,1,6.5
59,65,m_2,f1_0,p0,1,1.0
59,65,f1_0,f2_0,p1,1,6.5
59,67,m_2,f1_0,p0,1,1.5
59,67,f1_0,f2_0,p1,1,6.5
59,68,f1_0,f2_0,p1,1,6.5
59,69,m_0,f1_0,p0,1,0.5
59,69,m_1,f1_0,p0,1,1.5
59,69,m_3,f1_0,p0,1,1.0
59,69,f1_0,f2_0,p1,1,6.5
59,70,f1_0,f2_0,p1,1,6.5
59,71,f1_0,f2_0,p1,1,6.5
59,72,m_0,f1_0,p0,1,1.0
59,72,m_3,f1_0,p0,1,1.0
59,72,f1_0,f2_0,p1,1,6.5
59,73,m_4,f1_0,p0,1,1.0
59,73,m_2,f1_0,p0,1,1.5
59,73,m_3,f1_0,p0,1,1.5
59,73,f1_0,f2_0,p1,1,6.5
59,73,f2_0,c_1,p2,4,38.0
59,73,f2_0,c_2,p2,4,38.0
59,73,f2_0,c_0,p2,1,9.5
59,73,f2_0,c_3,p2,1,9.5
59,74,f1_0,f2_0,p1,1,6.5
59,74,f2_0,c_0,p2,1,9.5
59,75,f1_0,f2_0,p1,1,6.5
59,76,m_1,f1_0,p0,2,1.0
59,76,m_0,f1_0,p0,2,3.0
59,76,m_3,f1_0,p0,1,1.5
59,76,f1_0,f2_0,p1,1,6.5
59,77,m_2,f1_0,p0,2,3.0
59,77,m_1,f1_0,p0,2,2.0
59,77,m_1,f1_0,p0,1,1.0
59,77,f1_0,f2_0,p1,1,6.5
59,77,f2_0,c_3,p2,3,28.5
59,77,f2_0,c_2,p2,3,28.5
59,78,f1_0,f2_0,p1,1,6.5
59,78,f1_0,f2_0,p1,1,6.5
59,78,f2_0,c_0,p2,3,28.5
59,79,f1_0,f2_0,p1,1,3.0
59,79,f1_0,f2_0,p1,1,6.5
59,79,f2_0,c_4,p2,3,28.5
59,80,f1_0,f2_0,p1,1,6.5
59,80,f1_0,f2_0,p1,1,6.5
59,80,f2_0,c_3,p2,1,9.5
59,80,f2_0,c_2,p2,2,19.0
59,81,f1_0,f2_0,p1,2,13.0
59,81,f2_0,c_3,p2,3,28.5
59,82,f2_0,c_4,p2,1,9.5
59,83,f2_0,c_0,p2,1,5.0
59,83,f2_0,c_4,p2,3,28.5
59,83,f2_0,c_2,p2,1,9.5
59,88,f2_0,c_4,p2,2,19.0
59,88,f2_0,c_2,p2,2,19.0
59,89,f1_0,f2_0,p1,1,6.5
59,90,f1_0,f2_0,p1,1,6.5
59,91,m_0,f1_0,p0,1,1.0
59,92,f1_0,f2_0,p1,1,6.5
59,92,f2_0,c_0,p2,3,28.5
59,92,f2_0,c_0,p2,1,9.5
59,92,f2_0,c_3,p2,2,19.0
59,93,f2_0,c_3,p2,3,22.5
59,94,f2_0,c_0,p2,3,28.5
59,95,f2_0,c_4,p2,1,9.5
62,4,m_3,f1_0,p0,1,1.5
62,5,m_0,f1_0,p0,1,1.0
62,6,f1_0,f2_0,p1,1,6.0
62,7,m_1,f1_0,p0,1,1.0
62,8,m_4,f1_0,p0,1,1.5
62,8,m_3,f1_0,p0,1,1.5
62,9,m_1,f1_0,p0,1,1.0
62,9,f1_0,f2_0,p1,2,12.0
62,9,f2_0,c_4,p2,1,10.5
62,10,m_0,f1_0,p0,1,1.5
62,10,m_1,f1_0,p0,1,1.5
62,10,f2_0,c_1,p2,2,21.0
62,11,m_2,f1_0,p0,1,1.5
62,11,m_0,f1_0,p0,1,1.0
62,11,f1_0,f2_0,p1,1,6.0
62,12,m_3,f1_0,p0,1,1.5
62,12,m_1,f1_0,p0,1,1.0
62,12,f1_0,f2_0,p1,2,12.0
62,12,f1_0,f2_0,p1,1,6.0
62,12,f2_0,c_0,p2,1,10.5
62,13,f1_0,f2_0,p1,1,6.0
62,13,f2_0,c_2,p2,2,21.0
62,14,f1_0,f2_0,p1,1,6.0
62,14,f2_0,c_2,p2,3,31.5
62,15,f1_0,f2_0,p1,1,6.0
62,15,f2_0,c_1,p2,2,21.0
62,15,f2_0,c_4,p2,1,10.5
62,16,f1_0,f2_0,p1,2,12.0
62,16,f2_0,c_2,p2,2,21.0
62,16,f2_0,c_1,p2,1,10.5
62,17,f2_0,c_4,p2,2,21.0
62,17,f2_0,c_3,p2,1,10.5
62,18,f2_0,c_4,p2,2,21.0
62,18,f2_0,c_3,p2,1,10.5
62,20,m_4,f1_0,p0,1,1.0
62,21,m_0,f1_0,p0,1,1.0
62,21,m_1,f1_0,p0,1,1.0
62,21,m_4,f1_0,p0,1,1.5
62,22,f1_0,f2_0,p1,1,6.0
62,24,f1_0,f2_0,p1,2,12.0
62,25,m_1,f1_0,p0,1,1.0
62,25,f1_0,f2_0,p1,1,6.0
62,25,f2_0,c_4,p2,3,31.5
62,25,f2_0,c_2,p2,3,31.5
62,25,f2_0,c_1,p2,1,10.0
62,26,m_1,f1_0,p0,1,1.0
62,26,f1_0,f2_0,p1,1,6.0
62,26,f2_0,c_3,p2,1,10.0
62,26,f2_0,c_1,p2,3,31.5
62,27,m_1,f1_0,p0,1,1.0
62,27,f1_0,f2_0,p1,1,6.0
62,27,f2_0,c_3,p2,2,21.0
62,28,f1_0,f2_0,p1,1,6.0
62,28,f2_0,c_4,p2,1,10.0
62,28,f2_0,c_2,p2,1,10.5
62,29,f2_0,c_4,p2,3,31.5
62,30,f2_0,c_0,p2,3,30.0
62,31,f2_0,c_2,p2,3,31.5
62,32,f2_0,c_3,p2,3,30.0
62,33,f2_0,c_3,p2,1,10.0
62,39,m_1,f1_0,p0,1,1.5
62,40,f1_0,f2_0,p1,1,6.0
62,41,m_3,f1_0,p0,1,1.0
62,41,m_4,f1_0,p0,1,1.5
62,42,f1_0,f2_0,p1,1,6.0
62,43,f1_0,f2_0,p1,1,6.0
62,44,m_2,f1_0,p0,1,1.5
62,45,f1_0,f2_0,p1,1,6.0
62,47,m_1,f1_0,p0,1,1.5
62,47,m_0,f1_0,p0,1,1.0
62,48,m_2,f1_0,p0,1,1.5
62,48,f2_0,c_1,p2,2,21.0
62,48,f2_0,c_0,p2,4,42.0
62,48,f2_0,c_3,p2,2,21.0
62,49,m_1,f1_0,p0,1,1.0
62,49,f1_0,f2_0,p1,1,6.0
62,49,f2_0,c_0,p2,2,21.0
62,50,f1_0,f2_0,p1,1,6.0
62,50,f2_0,c_3,p2,2,20.0
62,51,f1_0,f2_0,p1,1,6.0
62,51,f2_0,c_1,p2,1,10.0
62,51,f2_0,c_4,p2,1,10.0
62,52,f2_0,c_2,p2,2,21.0
62,53,f2_0,c_1,p2,2,21.0
62,58,m_1,f1_0,p0,1,1.0
62,59,m_4,f1_0,p0,1,1.5
62,60,m_4,f1_0,p0,1,1.0
62,61,m_4,f1_0,p0,1,1.0
62,61,f1_0,f2_0,p1,2,12.0
62,62,m_1,f1_0,p0,1,1.5
62,62,f1_0,f2_0,p1,1,6.0
62,63,m_4,f1_0,p0,1,1.0
62,63,m_1,f1_0,p0,1,1.5
62,63,m_3,f1_0,p0,1,1.0
62,63,f1_0,f2_0,p1,1,6.0
62,63,f2_0,c_1,p2,1,10.5
62,63,f2_0,c_4,p2,1,10.5
62,63,f2_0,c_3,p2,2,21.0
62,63,f2_0,c_2,p2,1,10.5
62,64,m_3,f1_0,p0,1,1.5
62,64,m_4,f1_0,p0,1,1.5
62,65,f1_0,f2_0,p1,1,6.0
62,65,f1_0,f2_0,p1,1,2.0
62,66,f1_0,f2_0,p1,1,6.0
62,67,f1_0,f2_0,p1,1,6.0
62,67,f2_0,c_3,p2,3,31.5
62,67,f2_0,c_2,p2,3,31.5
62,68,f1_0,f2_0,p1,1,6.0
62,68,f2_0,c_2,p2,1,10.0
62,68,f2_0,c_3,p2,1,10.0
62,69,f1_0,f2_0,p1,1,6.0
62,69,f2_0,c_3,p2,2,20.0
62,70,f2_0,c_1,p2,2,21.0
62,71,f2_0,c_4,p2,3,31.5
62,80,m_2,f1_0,p0,1,0.5
62,82,m_2,f1_0,p0,1,1.0
62,83,m_4,f1_0,p0,1,1.0
62,83,f1_0,f2_0,p1,1,6.0
62,84,f1_0,f2_0,p1,1,6.0
62,85,m_4,f1_0,p0,1,1.0
62,85,f1_0,f2_0,p1,1,6.0
62,86,m_3,f1_0,p0,1,0.5
62,86,m_4,f1_0,p0,1,1.5
62,86,f1_0,f2_0,p1,1,6.0
62,86,f1_0,f2_0,p1,1,3.0
62,86,f2_0,c_0,p2,4,42.0
62,86,f2_0,c_3,p2,2,21.0
62,86,f2_0,c_4,p2,1,10.5
62,87,m_3,f1_0,p0,1,1.5
62,87,m_0,f1_0,p0,1,1.0
62,87,f1_0,f2_0,p1,1,6.0
62,87,f2_0,c_0,p2,2,20.0
62,88,f1_0,f2_0,p1,1,6.0
62,88,f2_0,c_1,p2,1,10.0
62,88,f2_0,c_2,p2,1,10.0
62,88,f2_0,c_3,p2,1,10.0
62,89,m_3,f1_0,p0,1,1.0
62,89,m_2,f1_0,p0,1,1.5
62,89,m_4,f1_0,p0,1,1.5
62,89,f1_0,f2_0,p1,1,6.0
62,89,f2_0,c_2,p2,3,31.5
62,90,m_0,f1_0,p0,1,1.0
62,90,m_1,f1_0,p0,2,3.0
62,90,m_2,f1_0,p0,1,1.5
62,90,m_3,f1_0,p0,2,2.0
62,90,f1_0,f2_0,p1,1,6.0
62,90,f2_0,c_3,p2,3,31.5
62,91,f1_0,f2_0,p1,1,6.0
62,91,f1_0,f2_0,p1,1,6.0
62,91,f2_0,c_2,p2,3,31.5
62,92,f1_0,f2_0,p1,2,12.0
62,92,f2_0,c_3,p2,1,10.0
62,92,f2_0,c_0,p2,2,21.0
62,93,f1_0,f2_0,p1,1,6.0
62,93,f1_0,f2_0,p1,1,3.5
62,93,f2_0,c_2,p2,2,20.0
62,93,f2_0,c_4,p2,1,10.0
62,94,m_1,f1_0,p0,1,1.5
62,94,f2_0,c_0,p2,3,31.5
62,95,m_1,f1_0,p0,1,1.5
62,95,f1_0,f2_0,p1,1,6.0
62,95,f1_0,f2_0,p1,1,6.0
62,95,f2_0,c_1,p2,3,30.0
62,96,f1_0,f2_0,p1,1,6.0
62,96,f2_0,c_3,p2,3,31.5
62,96,f2_0,c_4,p2,1,10.5
62,97,f1_0,f2_0,p1,2,12.0
62,97,f2_0,c_2,p2,1,10.0
62,97,f2_0,c_4,p2,1,10.0
62,97,f2_0,c_0,p2,2,21.0
62,98,f2_0,c_3,p2,1,10.0
62,98,f2_0,c_4,p2,3,31.5
62,99,f2_0,c_1,p2,4,40.0
66,2,m_2,f1_0,p0,1,1.5
66,4,m_1,f1_0,p0,1,1.5
66,4,m_4,f1_0,p0,1,1.5
66,5,m_3,f1_0,p0,1,1.0
66,5,m_1,f1_0,p0,1,1.0
66,6,m_3,f1_0,p0,1,1.0
66,6,m_2,f1_0,p0,1,1.5
66,6,m_1,f1_0,p0,1,1.5
66,6,f1_0,f2_0,p1,1,6.5
66,7,m_1,f1_0,p0,1,1.0
66,7,f1_0,f2_0,p1,1,6.5
66,7,f2_0,c_0,p2,1,4.5
66,8,m_0,f1_0,p0,1,1.5
66,8,f1_0,f2_0,p1,2,4.0
66,8,f1_0,f2_0,p1,1,6.5
66,9,m_2,f1_0,p0,1,1.5
66,9,f1_0,f2_0,p1,1,6.5
66,9,f2_0,c_0,p2,1,5.5
66,9,f2_0,c_1,p2,2,21.0
66,10,m_0,f1_0,p0,1,1.5
66,10,m_3,f1_0,p0,1,1.5
66,10,m_1,f1_0,p0,1,1.5
66,10,f1_0,f2_0,p1,1,6.5
66,11,m_0,f1_0,p0,1,1.0
66,11,f1_0,f2_0,p1,1,6.5
66,11,f2_0,c_0,p2,3,31.5
66,12,f1_0,f2_0,p1,1,6.5
66,12,f2_0,c_1,p2,3,31.5
66,12,f2_0,c_3,p2,1,10.5
66,12,f2_0,c_2,p2,1,4.0
66,13,f1_0,f2_0,p1,1,6.5
66,13,f2_0,c_3,p2,3,31.5
66,14,f1_0,f2_0,p1,1,3.0
66,14,f2_0,c_2,p2,3,31.5
66,15,m_2,f1_0,p0,1,1.5
66,15,f2_0,c_4,p2,3,31.5
66,16,f1_0,f2_0,p1,1,6.5
66,16,f1_0,f2_0,p1,2,13.0
66,16,f2_0,c_0,p2,2,21.0
66,17,m_2,f1_0,p0,1,1.5
66,17,m_0,f1_0,p0,1,1.5
66,17,m_1,f1_0,p0,2,3.0
66,17,m_2,f1_0,p0,2,1.0
66,17,f2_0,c_0,p2,1,10.0
66,17,f2_0,c_3,p2,2,21.0
66,18,f1_0,f2_0,p1,1,3.5
66,18,f1_0,f2_0,p1,3,19.5
66,18,f2_0,c_2,p2,2,21.0
66,18,f2_0,c_3,p2,1,10.0
66,19,f1_0,f2_0,p1,2,13.0
66,19,f2_0,c_3,p2,3,31.5
66,20,f1_0,f2_0,p1,1,6.5
66,20,f2_0,c_1,p2,3,31.5
66,21,f2_0,c_1,p2,1,10.5
66,21,f2_0,c_4,p2,2,21.0
66,22,f2_0,c_3,p2,3,30.0
66,23,f2_0,c_3,p2,1,10.0
66,23,f2_0,c_2,p2,2,21.0
66,23,f2_0,c_1,p2,1,10.0
66,24,f2_0,c_2,p2,1,10.0
66,27,f2_0,c_0,p2,1,10.5
66,30,m_2,f1_0,p0,1,1.0
66,31,m_0,f1_0,p0,1,1.0
66,32,m_1,f1_0,p0,1,1.5
66,32,m_0,f1_0,p0,1,1.0
66,33,f1_0,f2_0,p1,2,13.0
66,34,m_1,f1_0,p0,1,1.5
66,34,m_2,f1_0,p0,1,1.5
66,34,f1_0,f2_0,p1,1,6.5
66,35,m_3,f1_0,p0,1,1.5
66,35,f1_0,f2_0,p1,1,6.5
66,36,m_0,f1_0,p0,1,1.0
66,37,f1_0,f2_0,p1,2,13.0
66,37,f2_0,c_2,p2,3,30.0
66,37,f2_0,c_4,p2,1,10.0
66,38,f1_0,f2_0,p1,1,6.5
66,38,f2_0,c_3,p2,2,21.0
66,39,f2_0,c_2,p2,2,21.0
66,40,f1_0,f2_0,p1,1,6.5
66,40,f2_0,c_2,p2,2,21.0
66,41,f2_0,c_4,p2,2,21.0
66,42,f2_0,c_1,p2,2,20.0
66,48,m_3,f1_0,p0,1,1.5
66,50,m_3,f1_0,p0,1,1.0
66,51,m_4,f1_0,p0,1,1.5
66,51,f1_0,f2_0,p1,1,6.5
66,52,m_3,f1_0,p0,1,1.5
66,52,f1_0,f2_0,p1,1,6.5
66,53,m_2,f1_0,p0,1,1.0
66,53,f1_0,f2_0,p1,1,6.5
66,54,f1_0,f2_0,p1,1,6.5
66,55,f1_0,f2_0,p1,1,6.5
66,55,f1_0,f2_0,p1,1,6.5
66,56,f2_0,c_1,p2,4,42.0
66,56,f2_0,c_2,p2,4,42.0
66,57,m_4,f1_0,p0,1,1.5
66,57,f2_0,c_1,p2,1,10.0
66,57,f2_0,c_0,p2,1,10.0
66,58,f1_0,f2_0,p1,1,6.5
66,58,f2_0,c_4,p2,2,21.0
66,59,f2_0,c_3,p2,2,20.0
66,59,f2_0,c_0,p2,1,10.5
66,60,f2_0,c_2,p2,2,20.0
66,60,f2_0,c_1,p2,1,10.5
66,61,f2_0,c_3,p2,2,20.0
66,61,f2_0,c_4,p2,1,10.5
66,62,f2_0,c_4,p2,3,31.5
66,65,m_2,f1_0,p0,1,1.5
66,65,m_3,f1_0,p0,1,0.5
66,67,f1_0,f2_0,p1,1,6.5
66,70,m_3,f1_0,p0,1,1.0
66,71,m_0,f1_0,p0,1,1.0
66,72,m_0,f1_0,p0,1,1.5
66,73,m_1,f1_0,p0,1,1.0
66,73,f1_0,f2_0,p1,1,6.5
66,73,f1_0,f2_0,p1,1,6.5
66,73,f2_0,c_0,p2,4,42.0
66,73,f2_0,c_1,p2,1,10.0
66,74,f1_0,f2_0,p1,1,6.5
66,74,f2_0,c_4,p2,1,10.5
66,74,f2_0,c_0,p2,1,10.5
66,75,f1_0,f2_0,p1,1,6.5
66,75,f2_0,c_3,p2,1,10.0
66,75,f2_0,c_4,p2,1,10.0
66,76,f2_0,c_1,p2,2,20.0
66,77,f2_0,c_3,p2,2,20.0
66,91,f2_0,c_4,p2,1,10.0
69,6,m_0,f1_0,p0,1,1.5
69,7,f1_0,f2_0,p1,1,6.5
69,8,f2_0,c_0,p2,1,3.5
69,10,f2_0,c_1,p2,1,9.5
69,11,m_4,f1_0,p0,1,1.5
69,12,m_2,f1_0,p0,1,1.5
69,12,m_3,f1_0,p0,1,1.0
69,13,f1_0,f2_0,p1,1,6.5
69,14,f1_0,f2_0,p1,1,6.5
69,15,f2_0,c_2,p2,1,9.5
69,15,f2_0,c_4,p2,3,28.5
69,16,f2_0,c_1,p2,2,19.0
69,17,f2_0,c_0,p2,1,9.5
69,22,m_3,f1_0,p0,1,1.5
69,22,m_2,f1_0,p0,1,1.5
69,24,m_2,f1_0,p0,1,1.5
69,24,f1_0,f2_0,p1,1,6.5
69,25,m_0,f1_0,p0,1,1.5
69,25,f1_0,f2_0,p1,1,6.5
69,26,m_4,f1_0,p0,1,1.5
69,26,f1_0,f2_0,p1,1,6.5
69,27,m_1,f1_0,p0,1,0.5
69,27,f1_0,f2_0,p1,1,6.5
69,28,m_4,f1_0,p0,1,1.0
69,28,f1_0,f2_0,p1,1,6.5
69,29,m_4,f1_0,p0,1,1.0
69,29,f1_0,f2_0,p1,1,6.5
69,30,f1_0,f2_0,p1,1,6.5
69,31,m_4,f1_0,p0,1,1.0
69,31,f1_0,f2_0,p1,1,6.5
69,32,f1_0,f2_0,p1,1,6.5
69,32,f2_0,c_3,p2,2,19.0
69,32,f2_0,c_4,p2,1,9.5
69,32,f2_0,c_1,p2,2,19.0
69,32,f2_0,c_2,p2,2,19.0
69,33,m_3,f1_0,p0,1,1.0
69,33,f1_0,f2_0,p1,1,6.5
69,33,f2_0,c_2,p2,4,38.0
69,33,f2_0,c_4,p2,2,19.0
69,34,f1_0,f2_0,p1,1,6.5
69,34,f2_0,c_1,p2,3,28.5
69,35,m_1,f1_0,p0,1,1.5
69,35,f2_0,c_0,p2,3,28.5
69,36,m_4,f1_0,p0,2,3.0
69,36,f1_0,f2_0,p1,1,6.5
69,36,f2_0,c_0,p2,1,9.5
69,37,m_4,f1_0,p0,1,1.5
69,37,m_1,f1_0,p0,1,1.0
69,37,m_0,f1_0,p0,1,1.5
69,37,f1_0,f2_0,p1,1,6.5
69,37,f2_0,c_1,p2,2,19.0
69,37,f2_0,c_0,p2,1,9.5
69,38,f1_0,f2_0,p1,2,13.0
69,38,f2_0,c_0,p2,1,9.5
69,38,f2_0,c_3,p2,2,19.0
69,39,f2_0,c_4,p2,2,19.0
69,39,f2_0,c_3,p2,1,9.5
69,40,m_1,f1_0,p0,1,1.0
69,40,m_2,f1_0,p0,1,1.5
69,40,f2_0,c_4,p2,3,28.5
69,41,m_1,f1_0,p0,1,1.0
69,41,f2_0,c_1,p2,3,28.5
69,42,m_1,f1_0,p0,1,1.0
69,42,f2_0,c_1,p2,1,9.5
69,43,m_1,f1_0,p0,1,1.5
69,43,f1_0,f2_0,p1,1,6.5
69,44,m_2,f1_0,p0,1,1.0
69,44,m_4,f1_0,p0,1,1.0
69,44,f1_0,f2_0,p1,1,6.5
69,44,f1_0,f2_0,p1,1,6.5
69,44,f2_0,c_1,p2,1,9.5
69,45,m_1,f1_0,p0,1,1.0
69,45,m_3,f1_0,p0,2,3.0
69,45,m_4,f1_0,p0,2,3.0
69,45,f1_0,f2_0,p1,2,13.0
69,45,f1_0,f2_0,p1,1,6.5
69,45,f1_0,f2_0,p1,1,6.5
69,45,f2_0,c_3,p2,2,19.0
69,46,m_1,f1_0,p0,2,3.0
69,46,f1_0,f2_0,p1,1,6.5
69,46,f1_0,f2_0,p1,1,6.5
69,47,f1_0,f2_0,p1,2,13.0
69,47,f2_0,c_3,p2,1,1.5
69,47,f2_0,c_4,p2,3,28.5
69,47,f2_0,c_2,p2,2,19.0
69,48,m_1,f1_0,p0,1,1.0
69,48,f1_0,f2_0,p1,1,6.5
69,48,f1_0,f2_0,p1,1,6.5
69,48,f2_0,c_4,p2,2,19.0
69,48,f2_0,c_3,p2,1,9.5
69,49,m_4,f1_0,p0,1,1.5
69,49,m_2,f1_0,p0,1,1.5
69,49,f1_0,f2_0,p1,1,6.5
69,50,m_4,f1_0,p0,1,1.0
69,50,m_1,f1_0,p0,1,1.5
69,50,m_4,f1_0,p0,1,1.0
69,50,f1_0,f2_0,p1,2,13.0
69,50,f2_0,c_0,p2,4,38.0
69,50,f2_0,c_4,p2,2,19.0
69,51,m_4,f1_0,p0,2,3.0
69,51,m_1,f1_0,p0,2,2.0
69,51,f1_0,f2_0,p1,1,6.5
69,52,f2_0,c_1,p2,3,28.5
69,52,f2_0,c_0,p2,2,12.0
69,52,f2_0,c_0,p2,1,9.5
69,52,f2_0,c_2,p2,1,9.5
69,53,f1_0,f2_0,p1,1,6.5
69,53,f1_0,f2_0,p1,3,19.5
69,53,f2_0,c_0,p2,2,19.0
69,53,f2_0,c_4,p2,2,19.0
69,54,f2_0,c_4,p2,2,19.0
69,54,f2_0,c_1,p2,1,9.5
69,54,f2_0,c_3,p2,1,9.5
69,55,f2_0,c_0,p2,1,9.5
69,55,f2_0,c_3,p2,2,19.0
69,55,f2_0,c_2,p2,1,4.0
69,56,f2_0,c_1,p2,2,19.0
69,56,f2_0,c_3,p2,2,19.0
69,57,f1_0,f2_0,p1,1,6.5
69,57,f1_0,f2_0,p1,1,6.5
69,57,f1_0,f2_0,p1,1,6.5
69,57,f2_0,c_0,p2,1,9.5
69,57,f2_0,c_3,p2,1,5.0
69,57,f2_0,c_2,p2,2,19.0
69,58,f2_0,c_1,p2,1,9.5
69,58,f2_0,c_3,p2,1,9.5
69,58,f2_0,c_4,p2,2,19.0
69,59,m_3,f1_0,p0,1,1.5
69,59,f2_0,c_4,p2,2,19.0
69,59,f2_0,c_3,p2,1,9.5
69,60,f1_0,f2_0,p1,3,19.5
69,60,f2_0,c_1,p2,2,19.0
69,60,f2_0,c_0,p2,1,9.5
69,60,f2_0,c_3,p2,1,9.5
69,61,m_3,f1_0,p0,1,1.5
69,61,f2_0,c_1,p2,2,19.0
69,61,f2_0,c_4,p2,1,9.5
69,62,m_4,f1_0,p0,1,1.5
69,62,f2_0,c_0,p2,3,28.5
69,62,f2_0,c_4,p2,1,9.5
69,63,m_0,f1_0,p0,1,1.0
69,63,m_3,f1_0,p0,1,0.5
69,63,f1_0,f2_0,p1,1,6.5
69,63,f2_0,c_2,p2,3,28.5
69,64,m_0,f1_0,p0,1,1.5
69,64,m_2,f1_0,p0,1,0.5
69,64,f1_0,f2_0,p1,1,6.5
69,65,m_4,f1_0,p0,1,1.5
69,65,f2_0,c_0,p2,1,9.5
69,65,f2_0,c_3,p2,3,28.5
69,65,f2_0,c_2,p2,1,9.5
69,66,f1_0,f2_0,p1,2,13.0
69,67,f2_0,c_1,p2,2,19.0
69,68,m_0,f1_0,p0,1,1.0
69,68,f1_0,f2_0,p1,2,13.0
69,68,f2_0,c_2,p2,1,9.5
69,69,f2_0,c_4,p2,3,28.5
69,70,m_3,f1_0,p0,1,1.5
69,70,m_4,f1_0,p0,1,1.0
69,70,f1_0,f2_0,p1,1,6.5
69,71,m_0,f1_0,p0,1,1.0
69,71,f2_0,c_4,p2,1,9.5
69,71,f2_0,c_0,p2,1,9.5
69,71,f2_0,c_1,p2,2,19.0
69,72,f2_0,c_1,p2,3,28.5
69,73,m_2,f1_0,p0,1,1.0
69,73,f1_0,f2_0,p1,2,13.0
69,74,m_0,f1_0,p0,1,1.0
69,74,f2_0,c_2,p2,3,28.5
69,74,f2_0,c_3,p2,1,9.5
69,75,f2_0,c_2,p2,2,19.0
69,75,f2_0,c_0,p2,1,9.5
69,76,f1_0,f2_0,p1,1,6.5
69,76,f1_0,f2_0,p1,1,6.5
69,77,f2_0,c_0,p2,1,9.5
69,77,f2_0,c_0,p2,2,19.0
69,78,f2_0,c_3,p2,2,19.0
69,78,f2_0,c_0,p2,1,9.5
69,88,f1_0,f2_0,p1,1,6.5
69,89,f1_0,f2_0,p1,1,6.5
69,89,f2_0,c_0,p2,2,19.0
69,90,m_0,f1_0,p0,1,1.5
69,90,m_3,f1_0,p0,1,0.5
69,90,m_4,f1_0,p0,1,1.5
69,91,m_0,f1_0,p0,1,1.5
69,91,f1_0,f2_0,p1,1,6.5
69,92,m_1,f1_0,p0,1,1.5
69,92,m_0,f1_0,p0,1,1.5
69,92,m_2,f1_0,p0,1,1.5
69,92,f1_0,f2_0,p1,1,6.5
69,93,m_1,f1_0,p0,1,1.0
69,93,f1_0,f2_0,p1,1,6.5
69,93,f2_0,c_3,p2,3,28.5
69,93,f2_0,c_2,p2,1,9.5
69,94,f1_0,f2_0,p1,1,2.0
69,95,f1_0,f2_0,p1,1,6.5
69,95,f2_0,c_4,p2,3,28.5
69,95,f2_0,c_1,p2,1,9.5
69,96,f1_0,f2_0,p1,1,6.5
69,96,f2_0,c_1,p2,1,9.5
69,96,f2_0,c_4,p2,1,9.5
69,97,f2_0,c_2,p2,2,19.0
69,98,f2_0,c_3,p2,2,19.0
70,4,m_3,f1_0,p0,1,1.5
70,4,m_2,f1_0,p0,1,1.0
70,4,m_0,f1_0,p0,1,1.0
70,6,m_4,f1_0,p0,1,1.5
70,6,f1_0,f2_0,p1,1,6.5
70,7,f1_0,f2_0,p1,1,6.5
70,7,f2_0,c_2,p2,1,4.5
70,8,m_0,f1_0,p0,1,1.0
70,8,f1_0,f2_0,p1,1,6.5
70,8,f2_0,c_4,p2,1,4.5
70,8,f2_0,c_1,p2,1,12.0
70,10,m_4,f1_0,p0,1,1.0
70,10,m_2,f1_0,p0,1,1.5
70,10,f2_0,c_0,p2,2,24.0
70,11,m_1,f1_0,p0,1,1.5
70,11,f1_0,f2_0,p1,1,6.5
70,12,f1_0,f2_0,p1,2,13.0
70,12,f2_0,c_0,p2,1,6.5
70,13,m_3,f1_0,p0,1,1.5
70,13,m_0,f1_0,p0,1,1.0
70,13,f1_0,f2_0,p1,1,6.5
70,13,f2_0,c_0,p2,2,24.0
70,14,f1_0,f2_0,p1,1,6.5
70,14,f2_0,c_2,p2,2,24.0
70,15,f1_0,f2_0,p1,1,6.5
70,15,f2_0,c_2,p2,2,24.0
70,16,f2_0,c_3,p2,2,24.0
70,17,f2_0,c_2,p2,2,23.0
70,17,f2_0,c_3,p2,1,12.0
70,23,f1_0,f2_0,p1,1,6.5
70,24,m_0,f1_0,p0,1,1.0
70,25,m_4,f1_0,p0,1,1.0
70,26,m_4,f1_0,p0,1,1.5
70,26,m_1,f1_0,p0,1,1.5
70,27,f1_0,f2_0,p1,2,13.0
70,28,f1_0,f2_0,p1,1,6.5
70,28,f2_0,c_3,p2,1,11.5
70,28,f2_0,c_4,p2,3,34.5
70,28,f2_0,c_1,p2,2,23.0
70,28,f2_0,c_2,p2,2,24.0
70,29,f1_0,f2_0,p1,1,6.5
70,29,f2_0,c_2,p2,2,23.0
70,30,f2_0,c_3,p2,2,24.0
70,31,f2_0,c_1,p2,2,23.0
70,32,f2_0,c_1,p2,1,11.5
70,38,m_1,f1_0,p0,1,1.0
70,40,m_3,f1_0,p0,1,1.5
70,40,m_2,f1_0,p0,1,1.5
70,40,f1_0,f2_0,p1,1,6.5
70,41,m_0,f1_0,p0,1,1.5
70,41,m_4,f1_0,p0,1,1.5
70,41,f1_0,f2_0,p1,1,6.5
70,42,m_4,f1_0,p0,1,1.0
70,42,f1_0,f2_0,p1,1,6.5
70,43,m_3,f1_0,p0,1,1.0
70,43,f1_0,f2_0,p1,1,6.5
70,44,f1_0,f2_0,p1,1,6.5
70,45,f1_0,f2_0,p1,1,6.5
70,46,f1_0,f2_0,p1,1,6.5
70,47,m_0,f1_0,p0,1,1.5
70,47,f2_0,c_1,p2,4,48.0
70,47,f2_0,c_0,p2,2,24.0
70,47,f2_0,c_2,p2,2,24.0
70,47,f2_0,c_3,p2,2,24.0
70,48,m_3,f1_0,p0,1,1.0
70,48,m_1,f1_0,p0,1,1.5
70,48,m_3,f1_0,p0,1,1.5
70,48,f1_0,f2_0,p1,1,6.5
70,48,f2_0,c_2,p2,3,36.0
70,49,m_4,f1_0,p0,2,1.0
70,49,m_3,f1_0,p0,2,1.0
70,49,f1_0,f2_0,p1,1,6.5
70,49,f2_0,c_4,p2,1,12.0
70,49,f2_0,c_2,p2,2,24.0
70,50,m_1,f1_0,p0,1,1.5
70,50,m_1,f1_0,p0,1,1.5
70,50,m_0,f1_0,p0,1,1.0
70,50,m_2,f1_0,p0,1,1.0
70,50,f1_0,f2_0,p1,2,13.0
70,50,f2_0,c_2,p2,1,11.5
70,50,f2_0,c_4,p2,1,11.5
70,50,f2_0,c_1,p2,1,11.5
70,51,m_3,f1_0,p0,1,1.5
70,51,m_2,f1_0,p0,2,1.0
70,51,f1_0,f2_0,p1,1,6.5
70,51,f1_0,f2_0,p1,1,6.5
70,51,f2_0,c_1,p2,1,11.5
70,51,f2_0,c_4,p2,1,11.5
70,51,f2_0,c_2,p2,1,12.0
70,52,f1_0,f2_0,p1,2,13.0
70,52,f2_0,c_1,p2,4,48.0
70,53,f2_0,c_2,p2,4,48.0
70,54,f1_0,f2_0,p1,3,19.5
70,54,f1_0,f2_0,p1,1,6.5
70,54,f2_0,c_2,p2,3,36.0
70,54,f2_0,c_3,p2,1,12.0
70,55,f2_0,c_3,p2,1,12.0
70,55,f2_0,c_2,p2,2,24.0
70,55,f2_0,c_0,p2,1,12.0
70,56,m_1,f1_0,p0,1,1.5
70,56,m_2,f1_0,p0,1,1.0
70,56,m_0,f1_0,p0,1,1.0
70,56,f2_0,c_4,p2,1,11.5
70,56,f2_0,c_3,p2,3,36.0
70,57,f1_0,f2_0,p1,4,26.0
70,57,f1_0,f2_0,p1,1,6.5
70,57,f2_0,c_1,p2,2,24.0
70,58,f2_0,c_0,p2,1,11.5
70,58,f2_0,c_4,p2,3,36.0
70,59,f1_0,f2_0,p1,1,6.5
70,59,f2_0,c_2,p2,4,48.0
70,60,f2_0,c_1,p2,1,11.5
70,60,f2_0,c_3,p2,3,36.0
70,61,f2_0,c_4,p2,1,11.5
70,61,f2_0,c_3,p2,3,36.0
70,62,m_4,f1_0,p0,1,1.5
70,62,m_1,f1_0,p0,1,1.5
70,62,f2_0,c_2,p2,1,11.5
70,62,f2_0,c_3,p2,3,36.0
70,63,m_1,f1_0,p0,1,1.0
70,63,f2_0,c_3,p2,3,36.0
70,64,f1_0,f2_0,p1,1,6.5
70,65,m_4,f1_0,p0,1,1.5
70,65,m_1,f1_0,p0,1,1.5
70,65,f1_0,f2_0,p1,1,6.5
70,66,f2_0,c_4,p2,1,11.5
70,66,f2_0,c_0,p2,3,36.0
70,66,f2_0,c_1,p2,2,24.0
70,67,f1_0,f2_0,p1,1,6.5
70,67,f2_0,c_4,p2,2,23.0
70,68,f2_0,c_2,p2,1,11.5
70,68,f2_0,c_1,p2,2,23.0
70,73,f1_0,f2_0,p1,1,6.5
70,74,f1_0,f2_0,p1,1,6.5
70,74,f2_0,c_2,p2,1,12.0
70,75,f2_0,c_3,p2,1,11.5
70,81,f2_0,c_0,p2,3,36.0
70,81,f2_0,c_1,p2,1,12.0
70,86,m_3,f1_0,p0,1,1.0
70,87,f1_0,f2_0,p1,1,3.0
70,88,m_3,f1_0,p0,1,1.0
70,89,m_4,f1_0,p0,1,1.0
70,89,m_2,f1_0,p0,1,1.0
70,89,f1_0,f2_0,p1,1,6.5
70,90,m_0,f1_0,p0,1,1.0
70,90,f1_0,f2_0,p1,1,6.5
70,90,f2_0,c_3,p2,2,24.0
70,90,f2_0,c_0,p2,3,36.0
70,90,f2_0,c_2,p2,2,24.0
70,90,f2_0,c_4,p2,3,36.0
70,91,m_2,f1_0,p0,1,1.0
70,91,f1_0,f2_0,p1,1,6.5
70,92,f1_0,f2_0,p1,1,6.5
70,92,f2_0,c_4,p2,4,48.0
70,93,f1_0,f2_0,p1,1,6.5
70,93,f2_0,c_1,p2,2,24.0
70,94,f2_0,c_3,p2,2,24.0
70,95,f2_0,c_3,p2,2,24.0
73,7,m_1,f1_0,p0,1,1.5
73,7,f2_0,c_4,p2,1,10.5
73,8,m_2,f1_0,p0,1,1.0
73,8,f1_0,f2_0,p1,1,6.0
73,9,m_3,f1_0,p0,1,1.5
73,9,m_1,f1_0,p0,1,1.0
73,9,f1_0,f2_0,p1,1,6.0
73,9,f2_0,c_0,p2,1,10.5
73,10,m_3,f1_0,p0,1,1.0
73,10,f1_0,f2_0,p1,1,6.0
73,10,f2_0,c_1,p2,1,10.5
73,11,m_1,f1_0,p0,1,1.5
73,11,f1_0,f2_0,p1,1,6.0
73,11,f2_0,c_1,p2,2,21.0
73,12,m_4,f1_0,p0,1,1.0
73,12,f1_0,f2_0,p1,1,6.0
73,12,f2_0,c_1,p2,1,10.5
73,13,m_4,f1_0,p0,1,1.5
73,13,f1_0,f2_0,p1,1,6.0
73,14,m_0,f1_0,p0,1,1.0
73,14,m_1,f1_0,p0,1,1.5
73,14,f1_0,f2_0,p1,1,6.0
73,14,f2_0,c_2,p2,1,10.0
73,14,f2_0,c_2,p2,3,30.0
73,15,m_2,f1_0,p0,1,1.5
73,15,m_4,f1_0,p0,1,1.5
73,15,f1_0,f2_0,p1,1,6.0
73,15,f2_0,c_3,p2,2,21.0
73,16,f1_0,f2_0,p1,1,6.0
73,16,f2_0,c_4,p2,2,21.0
73,17,f1_0,f2_0,p1,1,6.0
73,17,f2_0,c_2,p2,1,10.0
73,17,f2_0,c_0,p2,1,10.0
73,17,f2_0,c_1,p2,1,10.0
73,18,f2_0,c_3,p2,2,21.0
73,18,f2_0,c_2,p2,1,10.5
73,19,f2_0,c_1,p2,3,31.5
73,26,f2_0,c_2,p2,3,31.5
73,26,f2_0,c_4,p2,1,10.0
73,29,m_0,f1_0,p0,1,1.5
73,29,m_3,f1_0,p0,1,1.5
73,30,f1_0,f2_0,p1,1,6.0
73,31,f1_0,f2_0,p1,1,6.0
73,31,f2_0,c_1,p2,1,10.0
73,31,f2_0,c_2,p2,1,10.0
73,32,f1_0,f2_0,p1,1,6.0
73,32,f2_0,c_2,p2,2,20.0
73,33,f2_0,c_3,p2,1,10.0
73,33,f2_0,c_0,p2,1,10.0
73,34,f2_0,c_4,p2,2,20.0
73,38,m_2,f1_0,p0,1,1.5
73,40,f1_0,f2_0,p1,1,6.0
73,44,m_1,f1_0,p0,1,1.0
73,44,m_0,f1_0,p0,1,1.5
73,45,m_4,f1_0,p0,1,1.0
73,47,m_0,f1_0,p0,1,1.5
73,47,f1_0,f2_0,p1,1,6.0
73,47,f1_0,f2_0,p1,1,6.0
73,48,m_3,f1_0,p0,1,1.5
73,48,m_2,f1_0,p0,1,1.5
73,48,f1_0,f2_0,p1,1,6.0
73,48,f2_0,c_4,p2,3,31.5
73,49,m_4,f1_0,p0,1,1.5
73,49,f1_0,f2_0,p1,1,6.0
73,49,f2_0,c_4,p2,1,10.0
73,49,f2_0,c_2,p2,1,10.0
73,50,f1_0,f2_0,p1,1,6.0
73,50,f2_0,c_4,p2,1,10.0
73,50,f2_0,c_3,p2,1,6.5
73,51,f1_0,f2_0,p1,1,6.0
73,51,f2_0,c_4,p2,2,21.0
73,52,f1_0,f2_0,p1,1,6.0
73,52,f2_0,c_2,p2,2,10.0
73,53,f2_0,c_0,p2,2,21.0
73,54,f2_0,c_4,p2,2,21.0
73,66,f2_0,c_4,p2,3,31.5
73,66,f2_0,c_1,p2,1,10.5
73,74,m_0,f1_0,p0,1,1.0
73,75,m_0,f1_0,p0,1,1.5
73,75,m_1,f1_0,p0,1,1.0
73,75,m_4,f1_0,p0,1,1.5
73,76,f1_0,f2_0,p1,1,6.0
73,77,m_4,f1_0,p0,1,1.0
73,77,f1_0,f2_0,p1,1,6.0
73,78,m_0,f1_0,p0,1,0.5
73,78,m_1,f1_0,p0,1,1.5
73,78,f1_0,f2_0,p1,1,6.0
73,79,f1_0,f2_0,p1,1,6.0
73,80,f1_0,f2_0,p1,1,6.0
73,82,f1_0,f2_0,p1,1,6.0
73,82,f1_0,f2_0,p1,1,6.0
73,83,f1_0,f2_0,p1,1,6.0
73,84,m_2,f1_0,p0,1,1.5
73,84,m_1,f1_0,p0,1,1.5
73,84,f2_0,c_4,p2,1,3.5
73,84,f2_0,c_3,p2,3,31.5
73,84,f2_0,c_0,p2,4,42.0
73,85,m_1,f1_0,p0,1,1.0
73,85,m_3,f1_0,p0,2,3.0
73,85,f1_0,f2_0,p1,1,6.0
73,85,f2_0,c_0,p2,4,42.0
73,85,f2_0,c_1,p2,2,21.0
73,86,m_3,f1_0,p0,1,1.5
73,86,m_0,f1_0,p0,2,3.0
73,86,f1_0,f2_0,p1,1,6.0
73,86,f2_0,c_0,p2,1,10.0
73,86,f2_0,c_4,p2,2,20.0
73,87,f1_0,f2_0,p1,2,12.0
73,87,f2_0,c_2,p2,3,31.5
73,88,f1_0,f2_0,p1,1,6.0
73,88,f1_0,f2_0,p1,1,6.0
73,88,f2_0,c_4,p2,2,21.0
73,88,f2_0,c_0,p2,1,10.0
73,89,f2_0,c_3,p2,3,31.5
73,90,f2_0,c_2,p2,1,10.5
73,90,f2_0,c_3,p2,1,4.0
73,90,f2_0,c_4,p2,1,10.5
73,91,f2_0,c_4,p2,2,21.0
73,91,f2_0,c_2,p2,1,10.5
73,92,f2_0,c_1,p2,2,21.0
85,4,m_4,f1_0,p0,1,1.0
85,5,m_1,f1_0,p0,1,1.5
85,6,f1_0,f2_0,p1,1,6.0
85,7,f1_0,f2_0,p1,1,6.0
85,7,f2_0,c_2,p2,1,9.0
85,9,f2_0,c_3,p2,1,9.0
85,12,m_4,f1_0,p0,1,1.0
85,12,m_0,f1_0,p0,1,1.5
85,13,f1_0,f2_0,p1,1,6.0
85,13,f2_0,c_0,p2,1,9.0
85,14,f1_0,f2_0,p1,1,6.0
85,14,f2_0,c_3,p2,1,9.0
85,15,f2_0,c_1,p2,2,15.0
85,15,f2_0,c_2,p2,1,9.0
85,16,f2_0,c_3,p2,2,18.0
85,23,m_4,f1_0,p0,1,1.0
85,24,m_2,f1_0,p0,1,1.5
85,25,f1_0,f2_0,p1,1,6.0
85,26,f1_0,f2_0,p1,1,6.0
85,32,m_2,f1_0,p0,1,1.5
85,32,f2_0,c_2,p2,2,18.0
85,32,f2_0,c_3,p2,1,9.0
85,32,f2_0,c_4,p2,1,9.0
85,32,f2_0,c_0,p2,1,9.0
85,33,f2_0,c_2,p2,1,9.0
85,33,f2_0,c_0,p2,2,18.0
85,34,m_2,f1_0,p0,1,1.5
85,34,m_0,f1_0,p0,1,1.5
85,34,m_3,f1_0,p0,1,1.5
85,34,f1_0,f2_0,p1,1,6.0
85,34,f2_0,c_2,p2,1,9.0
85,35,f1_0,f2_0,p1,1,6.0
85,35,f2_0,c_2,p2,1,9.0
85,35,f2_0,c_0,p2,1,9.0
85,36,f1_0,f2_0,p1,1,6.0
85,36,f2_0,c_0,p2,2,18.0
85,37,f2_0,c_2,p2,1,9.0
85,37,f2_0,c_0,p2,1,9.0
85,38,f2_0,c_0,p2,1,9.0
85,38,f2_0,c_0,p2,1,4.5
85,46,m_1,f1_0,p0,1,1.5
85,46,m_3,f1_0,p0,1,1.0
85,48,f1_0,f2_0,p1,1,6.0
85,49,f1_0,f2_0,p1,1,6.0
85,51,f1_0,f2_0,p1,1,6.0
85,51,f2_0,c_3,p2,1,4.5
85,51,f2_0,c_0,p2,3,27.0
85,52,f2_0,c_4,p2,1,9.0
85,61,m_2,f1_0,p0,1,1.5
85,61,m_0,f1_0,p0,1,1.5
85,61,m_4,f1_0,p0,1,1.0
85,62,m_3,f1_0,p0,1,1.0
85,62,m_1,f1_0,p0,1,1.0
85,63,f1_0,f2_0,p1,1,6.0
85,64,f1_0,f2_0,p1,1,6.0
85,65,f1_0,f2_0,p1,1,6.0
85,66,m_2,f1_0,p0,1,1.5
85,66,f1_0,f2_0,p1,1,6.0
85,67,m_0,f1_0,p0,1,1.5
85,67,f1_0,f2_0,p1,1,6.0
85,68,m_3,f1_0,p0,1,1.5
85,68,f1_0,f2_0,p1,1,6.0
85,68,f2_0,c_4,p2,1,9.0
85,68,f2_0,c_3,p2,3,27.0
85,68,f2_0,c_2,p2,2,7.0
85,69,m_2,f1_0,p0,1,1.0
85,69,f1_0,f2_0,p1,1,6.0
85,69,f2_0,c_0,p2,3,27.0
85,69,f2_0,c_2,p2,1,9.0
85,70,m_2,f1_0,p0,1,1.5
85,70,f1_0,f2_0,p1,1,6.0
85,70,f2_0,c_3,p2,2,18.0
85,71,f1_0,f2_0,p1,1,6.0
85,71,f2_0,c_2,p2,1,9.0
85,71,f2_0,c_4,p2,1,9.0
85,72,f1_0,f2_0,p1,1,6.0
85,72,f2_0,c_1,p2,2,18.0
85,73,m_0,f1_0,p0,1,1.0
85,73,f2_0,c_1,p2,3,27.0
85,74,m_3,f1_0,p0,2,1.0
85,74,f2_0,c_3,p2,1,9.0
85,74,f2_0,c_4,p2,2,18.0
85,75,f1_0,f2_0,p1,2,12.0
85,75,f2_0,c_0,p2,3,27.0
85,76,f1_0,f2_0,p1,1,6.0
85,76,f2_0,c_3,p2,3,27.0
85,77,f2_0,c_4,p2,1,9.0
85,77,f2_0,c_3,p2,2,18.0
85,78,f2_0,c_4,p2,2,18.0
85,78,f2_0,c_1,p2,1,9.0
85,83,f2_0,c_3,p2,2,18.0
85,83,f2_0,c_0,p2,1,9.0
85,84,m_0,f1_0,p0,1,1.0
85,84,f2_0,c_1,p2,1,9.0
85,86,f1_0,f2_0,p1,1,6.0
85,88,f2_0,c_2,p2,3,27.0
85,88,f2_0,c_3,p2,1,9.0
85,88,f2_0,c_1,p2,1,9.0
85,89,f2_0,c_0,p2,1,9.0
85,89,f2_0,c_3,p2,1,9.0
85,90,f2_0,c_3,p2,2,18.0
85,91,f2_0,c_2,p2,1,9.0
86,4,m_3,f1_0,p0,1,1.5
86,4,m_0,f1_0,p0,1,1.5
86,4,m_4,f1_0,p0,1,1.5
86,4,m_2,f1_0,p0,1,1.5
86,5,m_3,f1_0,p0,1,1.5
86,5,m_0,f1_0,p0,1,1.0
86,7,f1_0,f2_0,p1,2,13.0
86,8,f2_0,c_4,p2,1,9.0
86,9,f2_0,c_1,p2,2,18.0
86,11,m_1,f1_0,p0,1,1.0
86,11,m_4,f1_0,p0,1,1.0
86,13,f1_0,f2_0,p1,1,6.5
86,14,f2_0,c_3,p2,2,18.0
86,15,f2_0,c_0,p2,1,9.0
86,21,f1_0,f2_0,p1,1,6.5
86,22,f1_0,f2_0,p1,1,6.5
86,24,f1_0,f2_0,p1,1,6.5
86,25,f1_0,f2_0,p1,1,6.5
86,26,m_0,f1_0,p0,1,1.5
86,26,m_2,f1_0,p0,1,1.5
86,26,m_4,f1_0,p0,1,1.5
86,26,m_3,f1_0,p0,1,1.5
86,27,m_3,f1_0,p0,1,1.5
86,28,f1_0,f2_0,p1,1,6.5
86,29,f1_0,f2_0,p1,1,6.5
86,29,f2_0,c_2,p2,1,9.0
86,29,f2_0,c_4,p2,3,27.0
86,29,f2_0,c_0,p2,4,36.0
86,29,f2_0,c_3,p2,1,9.0
86,30,f1_0,f2_0,p1,1,6.5
86,30,f2_0,c_3,p2,2,18.0
86,31,f2_0,c_3,p2,1,4.5
86,31,f2_0,c_2,p2,1,9.0
86,32,f2_0,c_4,p2,2,18.0
86,45,f1_0,f2_0,p1,1,6.5
86,46,f2_0,c_1,p2,1,9.0
86,54,f1_0,f2_0,p1,1,6.5
86,56,m_1,f1_0,p0,1,1.5
86,56,f1_0,f2_0,p1,1,6.5
86,58,m_0,f1_0,p0,1,1.5
86,58,m_3,f1_0,p0,1,1.0
86,58,f1_0,f2_0,p1,1,6.5
86,59,m_4,f1_0,p0,1,1.0
86,59,f1_0,f2_0,p1,1,6.5
86,60,f1_0,f2_0,p1,1,6.5
86,61,m_4,f1_0,p0,1,1.0
86,61,f1_0,f2_0,p1,1,6.5
86,62,m_3,f1_0,p0,1,1.5
86,62,m_2,f1_0,p0,1,1.5
86,62,f1_0,f2_0,p1,1,6.5
86,62,f2_0,c_3,p2,2,1.0
86,62,f2_0,c_2,p2,2,18.0
86,62,f2_0,c_0,p2,3,27.0
86,62,f2_0,c_4,p2,1,9.0
86,62,f2_0,c_1,p2,1,9.0
86,63,f1_0,f2_0,p1,1,6.5
86,63,f2_0,c_2,p2,2,18.0
86,64,f1_0,f2_0,p1,1,6.5
86,64,f2_0,c_3,p2,2,18.0
86,65,f2_0,c_1,p2,1,9.0
86,65,f2_0,c_3,p2,1,9.0
86,66,f2_0,c_4,p2,1,9.0
86,66,f2_0,c_0,p2,1,9.0
86,72,m_1,f1_0,p0,1,1.5
86,72,m_2,f1_0,p0,1,1.5
86,74,m_3,f1_0,p0,1,1.5
86,74,m_4,f1_0,p0,1,1.0
86,75,m_1,f1_0,p0,1,1.5
86,75,m_4,f1_0,p0,1,1.0
86,75,f1_0,f2_0,p1,1,6.5
86,76,m_3,f1_0,p0,1,1.0
86,76,f1_0,f2_0,p1,1,6.5
86,77,f1_0,f2_0,p1,1,6.5
86,78,f1_0,f2_0,p1,1,6.5
86,79,m_3,f1_0,p0,1,1.5
86,79,f1_0,f2_0,p1,1,6.5
86,79,f1_0,f2_0,p1,1,6.5
86,80,m_3,f1_0,p0,1,1.5
86,80,f1_0,f2_0,p1,1,6.5
86,80,f2_0,c_1,p2,1,9.0
86,80,f2_0,c_0,p2,4,36.0
86,80,f2_0,c_3,p2,2,18.0
86,81,m_2,f1_0,p0,1,1.5
86,81,f1_0,f2_0,p1,1,6.5
86,81,f2_0,c_2,p2,3,27.0
86,82,m_4,f1_0,p0,1,1.0
86,82,m_0,f1_0,p0,2,3.0
86,82,f1_0,f2_0,p1,1,6.5
86,82,f2_0,c_3,p2,1,9.0
86,82,f2_0,c_0,p2,2,18.0
86,83,m_3,f1_0,p0,1,1.0
86,83,m_1,f1_0,p0,1,1.0
86,83,m_1,f1_0,p0,1,0.5
86,83,f1_0,f2_0,p1,1,6.5
86,83,f2_0,c_2,p2,3,27.0
86,84,m_1,f1_0,p0,1,1.0
86,84,m_0,f1_0,p0,1,1.5
86,84,m_4,f1_0,p0,1,1.0
86,84,f1_0,f2_0,p1,1,6.5
86,84,f1_0,f2_0,p1,1,6.5
86,84,f2_0,c_0,p2,1,9.0
86,84,f2_0,c_4,p2,2,18.0
86,85,f1_0,f2_0,p1,2,13.0
86,85,f2_0,c_2,p2,2,18.0
86,85,f2_0,c_4,p2,1,9.0
86,86,f1_0,f2_0,p1,1,6.5
86,86,f1_0,f2_0,p1,1,6.5
86,86,f2_0,c_2,p2,3,27.0
86,87,f2_0,c_0,p2,3,27.0
86,88,f2_0,c_3,p2,2,18.0
86,88,f2_0,c_0,p2,1,9.0
86,89,f2_0,c_4,p2,3,27.0
86,91,f1_0,f2_0,p1,1,6.5
86,97,f1_0,f2_0,p1,1,6.5
86,97,f2_0,c_4,p2,2,18.0
86,97,f2_0,c_0,p2,2,18.0
86,97,f2_0,c_1,p2,1,4.0
86,98,f2_0,c_1,p2,1,9.0
86,99,f2_0,c_0,p2,1,9.0
88,3,m_0,f1_0,p0,1,1.5
88,3,m_4,f1_0,p0,1,1.0
88,3,m_3,f1_0,p0,1,1.0
88,3,m_2,f1_0,p0,1,1.0
88,4,m_3,f1_0,p0,1,1.5
88,4,m_1,f1_0,p0,1,1.0
88,5,m_3,f1_0,p0,1,1.5
88,6,f1_0,f2_0,p1,1,6.0
88,7,f1_0,f2_0,p1,1,6.0
88,7,f2_0,c_3,p2,1,12.0
88,8,m_3,f1_0,p0,1,1.5
88,8,m_2,f1_0,p0,1,1.5
88,8,f1_0,f2_0,p1,1,6.0
88,8,f1_0,f2_0,p1,2,12.0
88,9,m_2,f1_0,p0,1,1.0
88,9,m_4,f1_0,p0,1,1.5
88,9,f1_0,f2_0,p1,1,6.0
88,9,f2_0,c_0,p2,2,24.0
88,9,f2_0,c_4,p2,1,12.0
88,10,m_1,f1_0,p0,1,1.5
88,10,m_2,f1_0,p0,1,1.5
88,10,f1_0,f2_0,p1,1,6.0
88,10,f2_0,c_3,p2,2,24.0
88,11,m_1,f1_0,p0,1,1.5
88,11,m_2,f1_0,p0,1,1.5
88,11,m_4,f1_0,p0,1,1.0
88,11,f1_0,f2_0,p1,1,6.0
88,11,f2_0,c_1,p2,2,24.0
88,11,f2_0,c_3,p2,1,12.0
88,12,f1_0,f2_0,p1,1,3.5
88,12,f2_0,c_4,p2,3,36.0
88,13,m_2,f1_0,p0,1,1.0
88,13,f1_0,f2_0,p1,1,6.0
88,14,m_1,f1_0,p0,2,3.0
88,14,m_3,f1_0,p0,2,2.0
88,14,f1_0,f2_0,p1,1,6.0
88,14,f2_0,c_2,p2,2,24.0
88,14,f2_0,c_3,p2,2,24.0
88,14,f2_0,c_1,p2,1,6.5
88,15,f1_0,f2_0,p1,1,6.0
88,15,f1_0,f2_0,p1,1,6.0
88,15,f2_0,c_3,p2,1,12.0
88,15,f2_0,c_1,p2,3,36.0
88,16,f1_0,f2_0,p1,1,6.0
88,16,f1_0,f2_0,p1,1,6.0
88,16,f2_0,c_0,p2,3,36.0
88,17,f2_0,c_0,p2,3,36.0
88,18,f2_0,c_3,p2,2,23.0
88,18,f2_0,c_2,p2,1,12.0
88,19,f1_0,f2_0,p1,1,6.0
88,19,f2_0,c_4,p2,1,11.5
88,19,f2_0,c_2,p2,1,11.5
88,19,f2_0,c_1,p2,1,12.0
88,20,f1_0,f2_0,p1,2,12.0
88,20,f1_0,f2_0,p1,1,2.5
88,21,m_3,f1_0,p0,1,1.0
88,21,m_3,f1_0,p0,1,1.0
88,21,f1_0,f2_0,p1,1,6.0
88,22,f2_0,c_4,p2,3,36.0
88,22,f2_0,c_3,p2,4,48.0
88,22,f2_0,c_1,p2,1,11.5
88,22,f2_0,c_2,p2,1,11.5
88,23,f1_0,f2_0,p1,2,12.0
88,23,f1_0,f2_0,p1,1,6.0
88,23,f2_0,c_3,p2,1,11.5
88,23,f2_0,c_2,p2,1,11.5
88,23,f2_0,c_4,p2,1,12.0
88,24,f2_0,c_3,p2,4,48.0
88,25,f2_0,c_3,p2,1,11.5
88,25,f2_0,c_2,p2,1,11.5
88,26,m_3,f1_0,p0,1,1.0
88,26,m_4,f1_0,p0,1,1.5
88,26,f2_0,c_3,p2,1,12.0
88,27,f1_0,f2_0,p1,1,6.0
88,28,m_2,f1_0,p0,1,1.0
88,28,f1_0,f2_0,p1,1,6.0
88,29,m_4,f1_0,p0,1,1.5
88,29,f1_0,f2_0,p1,1,6.0
88,30,m_3,f1_0,p0,1,1.0
88,30,f2_0,c_4,p2,2,24.0
88,30,f2_0,c_0,p2,1,5.5
88,30,f2_0,c_3,p2,1,12.0
88,31,f2_0,c_3,p2,1,12.0
88,32,m_2,f1_0,p0,1,1.5
88,32,m_4,f1_0,p0,1,1.5
88,32,f1_0,f2_0,p1,2,12.0
88,33,f1_0,f2_0,p1,1,6.0
88,33,f2_0,c_0,p2,3,36.0
88,34,m_4,f1_0,p0,1,1.0
88,34,f2_0,c_1,p2,3,36.0
88,35,m_1,f1_0,p0,2,3.0
88,36,m_0,f1_0,p0,1,1.5
88,36,m_4,f1_0,p0,1,1.5
88,36,m_1,f1_0,p0,1,1.5
88,36,f1_0,f2_0,p1,1,6.0
88,36,f1_0,f2_0,p1,1,2.5
88,36,f1_0,f2_0,p1,1,6.0
88,37,f1_0,f2_0,p1,1,6.0
88,37,f1_0,f2_0,p1,1,6.0
88,37,f2_0,c_2,p2,1,12.0
88,37,f2_0,c_1,p2,4,48.0
88,37,f2_0,c_0,p2,1,12.0
88,38,f1_0,f2_0,p1,1,6.0
88,38,f2_0,c_1,p2,3,36.0
88,39,f2_0,c_4,p2,3,36.0
88,40,f2_0,c_1,p2,3,36.0
88,41,f2_0,c_2,p2,1,11.5
88,41,f2_0,c_0,p2,1,11.5
88,45,m_3,f1_0,p0,1,1.0
88,46,m_4,f1_0,p0,1,1.0
88,46,m_2,f1_0,p0,1,1.5
88,48,m_4,f1_0,p0,1,1.5
88,48,m_3,f1_0,p0,1,1.5
88,48,f1_0,f2_0,p1,3,18.0
88,48,f2_0,c_1,p2,1,11.5
88,48,f2_0,c_4,p2,1,11.5
88,48,f2_0,c_3,p2,3,36.0
88,49,f1_0,f2_0,p1,1,6.0
88,49,f2_0,c_0,p2,2,23.0
88,49,f2_0,c_2,p2,1,11.5
88,50,f1_0,f2_0,p1,1,6.0
88,50,f2_0,c_2,p2,3,36.0
88,51,f1_0,f2_0,p1,1,6.0
88,51,f2_0,c_2,p2,3,36.0
88,52,f2_0,c_3,p2,1,11.5
88,52,f2_0,c_0,p2,2,23.0
88,53,m_1,f1_0,p0,1,1.5
88,53,m_3,f1_0,p0,1,1.0
88,53,f2_0,c_3,p2,2,24.0
88,53,f2_0,c_1,p2,1,12.0
88,54,m_2,f1_0,p0,1,1.0
88,54,f2_0,c_3,p2,1,11.5
88,56,f1_0,f2_0,p1,2,12.0
88,57,f2_0,c_4,p2,3,36.0
88,64,m_1,f1_0,p0,1,1.0
88,65,m_1,f1_0,p0,1,1.0
88,66,f1_0,f2_0,p1,1,6.0
88,67,f1_0,f2_0,p1,1,6.0
88,68,m_1,f1_0,p0,1,1.5
88,68,m_3,f1_0,p0,1,1.5
88,68,m_4,f1_0,p0,1,1.5
88,69,f1_0,f2_0,p1,1,6.0
88,70,f1_0,f2_0,p1,1,6.0
88,71,m_0,f1_0,p0,1,1.5
88,71,m_3,f1_0,p0,1,1.5
88,71,f1_0,f2_0,p1,1,6.0
88,72,f1_0,f2_0,p1,1,6.0
88,73,f1_0,f2_0,p1,1,6.0
88,73,f2_0,c_2,p2,2,24.0
88,73,f2_0,c_1,p2,4,48.0
88,73,f2_0,c_3,p2,1,12.0
88,74,m_3,f1_0,p0,1,1.5
88,74,m_0,f1_0,p0,1,1.0
88,74,m_1,f1_0,p0,1,1.5
88,74,f1_0,f2_0,p1,1,6.0
88,74,f2_0,c_3,p2,1,11.5
88,74,f2_0,c_4,p2,1,11.5
88,75,f1_0,f2_0,p1,1,6.0
88,75,f2_0,c_2,p2,1,11.5
88,75,f2_0,c_1,p2,1,11.5
88,76,m_4,f1_0,p0,1,1.0
88,76,f1_0,f2_0,p1,1,6.0
88,76,f2_0,c_1,p2,2,23.0
88,76,f2_0,c_3,p2,1,12.0
88,77,f1_0,f2_0,p1,1,6.0
88,77,f2_0,c_1,p2,1,11.5
88,77,f2_0,c_2,p2,2,24.0
88,78,f1_0,f2_0,p1,1,6.0
88,78,f2_0,c_3,p2,2,23.0
88,78,f2_0,c_1,p2,1,11.5
88,79,f2_0,c_4,p2,2,24.0
88,79,f2_0,c_3,p2,1,12.0
88,80,f2_0,c_4,p2,3,36.0
88,81,f2_0,c_2,p2,2,24.0
88,81,f2_0,c_3,p2,1,11.5
88,82,m_2,f1_0,p0,1,1.0
88,83,m_2,f1_0,p0,1,1.5
88,83,m_3,f1_0,p0,1,1.0
88,84,m_2,f1_0,p0,1,0.5
88,84,m_0,f1_0,p0,1,1.5
88,85,m_4,f1_0,p0,1,1.0
88,85,m_1,f1_0,p0,1,1.0
88,86,m_4,f1_0,p0,1,1.5
88,87,m_1,f1_0,p0,1,1.0
88,88,m_1,f1_0,p0,1,1.5
88,88,m_3,f1_0,p0,1,1.5
88,89,m_1,f1_0,p0,1,0.5
88,91,m_0,f1_0,p0,1,1.5
88,92,m_3,f1_0,p0,1,1.5
88,92,m_2,f1_0,p0,1,1.0
88,92,f1_0,f2_0,p1,2,12.0
88,92,f1_0,f2_0,p1,1,6.0
88,93,f1_0,f2_0,p1,2,12.0
88,93,f1_0,f2_0,p1,1,6.0
88,93,f1_0,f2_0,p1,3,18.0
88,93,f2_0,c_4,p2,3,36.0
88,94,m_1,f1_0,p0,1,1.5
88,94,m_4,f1_0,p0,2,3.0
88,94,m_3,f1_0,p0,1,1.5
88,94,m_0,f1_0,p0,2,2.0
88,94,f1_0,f2_0,p1,2,12.0
88,94,f1_0,f2_0,p1,1,6.0
88,94,f1_0,f2_0,p1,2,12.0
88,94,f2_0,c_1,p2,1,11.5
88,94,f2_0,c_3,p2,2,23.0
88,94,f2_0,c_2,p2,1,11.5
88,95,f1_0,f2_0,p1,1,6.0
88,95,f1_0,f2_0,p1,1,6.0
88,95,f2_0,c_2,p2,4,46.0
88,96,f1_0,f2_0,p1,1,6.0
88,96,f1_0,f2_0,p1,1,6.0
88,96,f2_0,c_0,p2,3,36.0
88,96,f2_0,c_3,p2,1,12.0
88,97,f1_0,f2_0,p1,2,12.0
88,97,f2_0,c_3,p2,4,48.0
88,98,f2_0,c_0,p2,2,23.0
88,98,f2_0,c_2,p2,2,23.0
88,99,f2_0,c_1,p2,1,4.5
88,99,f2_0,c_3,p2,3,36.0
