,game_index,t,sold_quantity_0,unit_price_0,sold_quantity_1,unit_price_1,sold_quantity_2,unit_price_2,sold_quantity_3,unit_price_3
0,1,0,20,10.0,0,,0,,0,
1,1,1,20,10.0,0,,0,,0,
2,1,2,20,10.0,5,11.0,12,12.166666666666664,0,
3,1,3,20,10.0,8,8.375,1,13.0,0,
4,1,4,20,10.0,11,2.272727272727273,6,33.0,0,
5,1,5,20,10.0,38,8.842105263157897,0,,1,72.0
6,1,6,20,10.0,5,8.0,10,25.5,10,70.8
7,1,7,20,10.0,12,1.6666666666666667,41,26.170731707317074,13,28.30769230769231
8,1,8,20,10.0,0,,41,22.02439024390244,5,62.8
9,1,9,20,10.0,31,5.129032258064517,35,25.0,4,55.75
10,1,10,20,10.0,11,9.272727272727273,35,26.857142857142854,7,66.28571428571429
11,1,11,20,10.0,19,8.789473684210527,45,25.0,3,56.0
12,1,12,20,10.0,7,7.7142857142857135,25,22.4,12,69.91666666666667
13,1,13,20,10.0,1,1.0,30,27.0,7,62.0
14,1,14,20,10.0,15,7.333333333333332,5,38.0,7,18.0
15,1,15,20,10.0,11,10.181818181818182,1,13.0,1,71.0
16,1,16,20,10.0,11,6.1818181818181825,0,,4,65.0
17,1,17,20,10.0,12,9.666666666666666,10,18.5,17,34.94117647058823
18,1,18,20,10.0,6,8.666666666666666,11,13.0,3,72.0
19,1,19,20,10.0,25,4.6,15,33.0,4,60.5
20,1,20,20,10.0,17,9.411764705882351,10,38.0,13,44.615384615384606
21,1,21,20,10.0,14,8.285714285714286,20,28.25,4,64.75
22,1,22,20,10.0,12,10.25,11,25.0,12,20.0
23,1,23,20,10.0,8,2.375,5,38.0,5,66.8
24,1,24,20,10.0,19,8.210526315789473,37,21.72972972972973,10,70.8
25,1,25,20,10.0,31,4.709677419354839,28,20.25,15,32.0
26,1,26,20,10.0,1,5.0,10,25.5,0,
27,1,27,20,10.0,11,8.272727272727273,10,38.0,10,54.0
28,1,28,20,10.0,19,6.473684210526316,11,17.90909090909091,0,
29,1,29,20,10.0,6,9.333333333333334,0,,0,
30,1,30,20,10.0,44,2.0,42,23.095238095238088,13,28.07692307692308
31,1,31,20,10.0,5,11.0,5,12.0,19,59.94736842105264
32,1,32,20,10.0,7,9.285714285714286,21,25.0,4,52.5
33,1,33,20,10.0,21,4.857142857142857,5,14.0,15,65.0
34,1,34,20,10.0,3,1.3333333333333333,6,13.833333333333336,0,
35,1,35,20,10.0,16,11.25,39,12.025641025641027,0,
36,1,36,20,10.0,15,9.666666666666666,0,,3,56.0
37,1,37,20,10.0,11,5.090909090909091,85,14.905882352941177,0,
38,1,38,20,10.0,1,5.0,65,14.923076923076925,10,34.0
39,1,39,20,10.0,8,7.25,44,23.522727272727273,0,
40,1,40,20,10.0,14,7.7857142857142865,41,24.707317073170728,0,
41,1,41,20,10.0,4,3.0,5,37.0,2,37.0
42,1,42,20,10.0,11,9.636363636363637,20,13.0,0,
43,1,43,20,10.0,5,11.0,31,17.06451612903226,34,16.529411764705884
44,1,44,20,10.0,5,2.0,37,17.243243243243242,32,29.96875
45,1,45,20,10.0,7,8.428571428571429,21,19.714285714285715,0,
46,1,46,20,10.0,6,9.333333333333334,50,26.3,11,19.0
47,1,47,20,10.0,15,7.666666666666668,5,38.0,12,14.0
48,1,48,20,10.0,5,7.0,0,,10,48.2
49,1,49,20,10.0,10,6.0,77,24.15584415584416,23,16.391304347826086
50,1,50,20,10.0,6,9.5,0,,0,
51,1,51,20,10.0,4,3.0,1,13.0,0,
52,1,52,20,10.0,29,7.827586206896553,17,20.647058823529417,0,
53,1,53,20,10.0,54,10.629629629629632,6,23.0,0,
54,1,54,20,10.0,5,10.0,0,,3,55.0
55,1,55,20,10.0,25,3.04,10,38.0,14,35.42857142857143
56,1,56,20,10.0,11,5.090909090909091,35,25.0,4,59.5
57,1,57,20,10.0,8,6.625,35,23.142857142857146,2,72.5
58,1,58,20,10.0,13,9.0,35,25.0,12,24.16666666666667
59,1,59,20,10.0,13,5.6923076923076925,21,24.42857142857143,16,67.5
60,1,60,20,10.0,4,4.0,6,33.0,12,62.25
61,1,61,20,10.0,0,,10,19.5,14,57.64285714285714
62,1,62,20,10.0,14,7.7857142857142865,11,13.909090909090908,4,56.0
63,1,63,20,10.0,74,9.324324324324325,10,25.5,0,
64,1,64,20,10.0,7,1.7142857142857142,10,25.5,0,
65,1,65,20,10.0,5,11.0,10,25.0,3,36.333333333333336
66,1,66,20,10.0,22,4.818181818181818,40,28.25,0,
67,1,67,20,10.0,14,8.357142857142858,26,22.038461538461537,1,56.0
68,1,68,20,10.0,7,9.285714285714286,25,19.8,15,72.0
69,1,69,20,10.0,10,1.5,36,24.527777777777782,3,55.0
70,1,70,20,10.0,27,8.666666666666666,2,13.0,24,58.66666666666666
71,1,71,20,10.0,7,8.142857142857142,5,14.0,7,65.85714285714286
72,1,72,20,10.0,8,7.75,5,14.0,15,69.0
73,1,73,20,10.0,11,9.727272727272727,5,12.0,0,
74,1,74,20,10.0,9,6.333333333333332,16,19.875,0,
75,1,75,20,10.0,1,1.0,0,,11,35.0
76,1,76,20,10.0,6,8.666666666666666,45,27.88888888888889,5,22.0
77,1,77,20,10.0,31,7.451612903225807,30,27.16666666666667,15,48.0
78,1,78,20,10.0,5,3.0,35,25.0,4,66.0
79,1,79,20,10.0,19,8.368421052631579,46,20.5,10,53.8
80,1,80,20,10.0,1,1.0,1,13.0,22,61.45454545454545
81,1,81,20,10.0,6,6.666666666666668,5,37.0,4,60.25
82,1,82,20,10.0,9,6.888888888888888,11,24.363636363636363,0,
83,1,83,20,10.0,14,4.857142857142857,5,37.0,10,54.0
84,1,84,20,10.0,58,7.413793103448277,0,,0,
85,1,85,20,10.0,28,1.2142857142857142,10,38.0,7,47.0
86,1,86,20,10.0,10,6.5,30,25.0,12,59.5
87,1,87,20,10.0,18,1.2777777777777777,21,25.0,10,57.0
88,1,88,20,10.0,15,7.333333333333332,30,22.83333333333333,15,54.0
89,1,89,20,10.0,8,7.25,26,24.538461538461537,5,62.0
90,1,90,20,10.0,0,,0,,0,
91,1,91,20,10.0,14,8.357142857142858,11,29.363636363636363,0,
92,1,92,20,10.0,11,9.727272727272727,5,37.0,10,54.0
93,1,93,20,10.0,35,10.857142857142858,0,,9,20.0
94,1,94,20,10.0,29,3.5862068965517233,10,25.0,3,55.0
95,1,95,20,10.0,55,9.636363636363637,5,38.0,10,41.3
96,1,96,20,10.0,23,5.565217391304348,20,21.75,14,27.57142857142857
97,1,97,20,10.0,5,11.0,20,18.5,8,71.0
98,1,98,20,10.0,9,7.0,45,25.0,1,70.0
99,1,99,20,10.0,15,7.666666666666668,26,26.84615384615385,3,56.0
100,1,100,20,10.0,20,3.5,0,,6,61.33333333333334
101,1,101,20,10.0,6,8.666666666666666,10,14.0,15,29.6
102,1,102,20,10.0,40,8.5,11,29.363636363636363,0,
103,1,103,20,10.0,58,7.913793103448277,10,25.0,15,54.4
104,1,104,20,10.0,31,4.161290322580645,5,12.0,0,
105,1,105,20,10.0,5,10.0,5,38.0,4,58.5
106,1,106,20,10.0,14,4.571428571428571,40,22.0,4,56.0
107,1,107,20,10.0,5,10.0,35,23.142857142857146,1,63.0
108,1,108,20,10.0,18,6.888888888888888,40,23.5,4,68.0
109,1,109,20,10.0,9,7.888888888888888,5,37.0,5,63.2
110,1,110,20,10.0,21,6.2857142857142865,10,19.5,8,71.125
111,1,111,20,10.0,8,3.5,5,14.0,15,60.0
112,1,112,20,10.0,25,7.0,10,13.0,3,56.0
113,1,113,20,10.0,11,4.545454545454546,5,12.0,5,58.6
114,1,114,20,10.0,5,10.0,5,12.0,0,
115,1,115,20,10.0,41,6.219512195121951,40,26.625,8,62.0
116,1,116,20,10.0,11,5.090909090909091,25,25.0,15,71.0
117,1,117,20,10.0,5,10.0,30,27.16666666666667,2,68.0
118,1,118,20,10.0,15,7.0,16,24.25,5,71.0
119,1,119,20,10.0,3,1.0,6,13.833333333333336,4,55.75
120,1,120,20,10.0,8,7.125,7,30.142857142857146,12,24.16666666666667
121,1,121,20,10.0,9,7.888888888888888,6,33.0,8,69.0
122,1,122,20,10.0,62,7.193548387096773,0,,5,65.0
123,1,123,20,10.0,3,6.0,5,38.0,10,66.8
124,1,124,20,10.0,13,10.615384615384617,10,38.0,0,
125,1,125,20,10.0,10,5.5,47,23.617021276595747,11,68.18181818181819
126,1,126,20,10.0,10,8.8,35,21.285714285714285,15,71.06666666666666
127,1,127,20,10.0,9,6.888888888888888,30,23.16666666666667,13,57.0
128,1,128,20,10.0,12,8.916666666666666,5,37.0,0,
129,1,129,20,10.0,4,3.0,0,,8,18.0
130,1,130,20,10.0,9,6.111111111111112,5,37.0,11,32.0
131,1,131,20,10.0,10,10.5,0,,0,
132,1,132,20,10.0,0,,10,38.0,0,
133,1,133,20,10.0,29,7.241379310344827,5,38.0,13,45.230769230769226
134,1,134,20,10.0,6,9.5,35,26.857142857142854,14,37.714285714285715
135,1,135,20,10.0,3,2.0,30,25.0,7,55.42857142857143
136,1,136,20,10.0,24,7.416666666666668,30,22.83333333333333,10,57.0
137,1,137,20,10.0,1,2.0,11,13.0,17,67.11764705882354
138,1,138,20,10.0,1,1.0,6,33.0,19,65.94736842105263
139,1,139,20,10.0,5,11.0,1,13.0,0,
140,1,140,20,10.0,14,7.7857142857142865,6,33.0,0,
141,1,141,20,10.0,19,8.631578947368421,10,25.5,0,
142,1,142,20,10.0,5,10.0,6,33.833333333333336,10,20.0
143,1,143,20,10.0,46,7.956521739130435,0,,11,20.0
144,1,144,20,10.0,30,11.0,26,24.538461538461537,0,
145,1,145,20,10.0,29,1.0,15,25.0,4,74.0
146,1,146,20,10.0,16,7.1875,25,25.0,0,
147,1,147,20,10.0,13,8.76923076923077,30,20.666666666666668,11,70.45454545454545
148,1,148,20,10.0,11,9.181818181818182,10,13.0,10,54.0
149,1,149,20,10.0,10,5.5,36,23.13888888888889,5,65.0
150,1,150,20,10.0,0,,6,33.0,0,
151,1,151,20,10.0,9,7.4444444444444455,10,31.0,2,71.0
152,1,152,20,10.0,32,7.8125,5,14.0,10,54.0
153,1,153,20,10.0,49,5.7346938775510194,10,13.0,10,20.0
154,1,154,20,10.0,19,5.368421052631579,10,25.0,0,
155,1,155,20,10.0,21,10.761904761904765,15,25.0,6,59.0
156,1,156,20,10.0,1,2.0,20,25.0,9,59.77777777777778
157,1,157,20,10.0,15,10.066666666666666,25,27.6,5,74.0
158,1,158,20,10.0,17,4.411764705882354,0,,16,26.125
159,1,159,20,10.0,2,2.5,20,19.0,4,57.0
160,1,160,20,10.0,6,9.5,1,13.0,15,65.0
161,1,161,20,10.0,64,11.0,5,14.0,2,71.0
162,1,162,20,10.0,30,2.933333333333333,0,,0,
163,1,163,20,10.0,12,3.0,10,12.0,0,
164,1,164,20,10.0,63,8.253968253968255,30,22.83333333333333,0,
165,1,165,20,10.0,9,7.4444444444444455,20,21.75,10,20.0
166,1,166,20,10.0,7,7.857142857142858,30,22.83333333333333,14,30.285714285714285
167,1,167,20,10.0,10,10.5,20,22.25,4,55.75
168,1,168,20,10.0,16,4.3125,1,13.0,0,
169,1,169,20,10.0,13,4.0,5,14.0,0,
170,1,170,20,10.0,13,10.076923076923077,10,25.0,10,54.0
171,1,171,20,10.0,18,6.5,10,25.5,5,61.4
172,1,172,20,10.0,29,10.655172413793103,10,25.5,9,20.0
173,1,173,20,10.0,10,6.3,20,28.25,1,73.0
174,1,174,20,10.0,9,7.333333333333332,41,27.87804878048781,14,41.07142857142857
175,1,175,20,10.0,15,5.866666666666666,11,18.0,8,72.0
176,1,176,20,10.0,1,1.0,10,25.0,13,29.384615384615387
177,1,177,20,10.0,11,7.636363636363638,21,18.714285714285715,5,72.0
178,1,178,20,10.0,12,8.916666666666666,15,17.0,0,
179,1,179,20,10.0,9,6.888888888888888,10,25.5,4,56.0
180,1,180,20,10.0,7,8.571428571428571,15,33.666666666666664,5,59.2
181,1,181,20,10.0,22,11.0,5,25.0,13,30.923076923076927
182,1,182,20,10.0,19,1.0,20,28.25,1,63.0
183,1,183,20,10.0,20,6.25,15,22.0,12,56.08333333333334
184,1,184,20,10.0,10,11.0,40,20.625,11,56.90909090909091
185,1,185,20,10.0,8,6.625,6,33.0,2,50.0
186,1,186,20,10.0,15,7.866666666666666,15,21.66666666666667,9,71.77777777777777
187,1,187,20,10.0,5,10.0,6,23.0,2,56.0
188,1,188,20,10.0,11,9.727272727272727,0,,0,
189,1,189,20,10.0,4,4.0,5,25.0,5,59.0
190,1,190,20,10.0,1,2.0,15,21.0,5,56.0
191,1,191,20,10.0,12,9.583333333333334,11,12.090909090909092,8,65.0
192,1,192,20,10.0,15,8.133333333333333,5,37.0,6,55.0
193,1,193,20,10.0,6,9.5,5,12.0,5,71.0
194,1,194,20,10.0,13,5.0769230769230775,10,25.0,0,
195,1,195,20,10.0,5,11.0,0,,3,60.0
196,1,196,0,,3,1.0,5,12.0,0,
197,1,197,0,,0,,5,38.0,0,
198,1,198,0,,0,,0,,0,
199,1,199,0,,0,,0,,6,63.5
200,2,0,20,10.0,0,,0,,0,
201,2,1,20,10.0,0,,0,,35,21.771428571428565
202,2,2,20,10.0,8,9.0,5,16.8,44,9.522727272727273
203,2,3,20,10.0,30,9.766666666666667,24,19.916666666666668,64,12.453125
204,2,4,20,10.0,5,10.0,15,22.13333333333333,32,21.40625
205,2,5,20,10.0,27,19.703703703703702,0,,41,14.365853658536587
206,2,6,20,10.0,58,17.500000000000004,42,24.0,65,10.184615384615384
207,2,7,20,10.0,67,12.910447761194028,27,20.296296296296298,55,14.818181818181818
208,2,8,20,10.0,51,14.96078431372549,23,25.695652173913047,41,25.195121951219512
209,2,9,20,10.0,19,28.0,5,14.0,47,6.4893617021276615
210,2,10,20,10.0,19,26.0,64,28.28125,44,6.090909090909091
211,2,11,20,10.0,6,9.0,33,24.484848484848484,4,9.5
212,2,12,20,10.0,14,9.0,47,22.574468085106385,7,26.285714285714285
213,2,13,20,10.0,16,9.375,8,17.375,36,18.11111111111111
214,2,14,20,10.0,0,,24,18.33333333333333,28,37.857142857142854
215,2,15,20,10.0,18,28.0,11,24.818181818181817,27,11.111111111111109
216,2,16,20,10.0,42,28.0,43,18.67441860465116,29,9.344827586206897
217,2,17,20,10.0,54,10.0,13,23.153846153846153,28,23.035714285714285
218,2,18,20,10.0,16,26.0,21,20.19047619047619,3,68.0
219,2,19,20,10.0,0,,5,25.0,47,13.27659574468085
220,2,20,20,10.0,1,27.0,37,23.35135135135135,29,32.724137931034484
221,2,21,20,10.0,33,18.181818181818183,13,22.76923076923077,35,23.542857142857148
222,2,22,20,10.0,0,,9,17.22222222222222,10,37.3
223,2,23,20,10.0,35,25.42857142857143,35,21.0,18,5.9444444444444455
224,2,24,20,10.0,14,8.571428571428571,5,14.0,25,15.68
225,2,25,20,10.0,0,,4,18.0,64,11.421875
226,2,26,20,10.0,33,27.96969696969697,22,20.954545454545453,61,15.590163934426231
227,2,27,20,10.0,15,28.0,22,22.59090909090909,33,20.12121212121212
228,2,28,20,10.0,33,9.818181818181818,10,20.0,13,34.46153846153846
229,2,29,20,10.0,0,,5,14.0,15,14.6
230,2,30,20,10.0,14,9.428571428571429,14,19.785714285714285,42,7.309523809523809
231,2,31,20,10.0,0,,1,26.0,15,23.8
232,2,32,20,10.0,52,27.615384615384613,5,14.0,11,25.272727272727273
233,2,33,20,10.0,0,,38,13.052631578947368,32,24.90625
234,2,34,20,10.0,24,22.0,20,22.25,17,41.8235294117647
235,2,35,20,10.0,16,28.0,7,17.428571428571427,48,20.0
236,2,36,20,10.0,17,28.0,32,19.90625,17,6.882352941176472
237,2,37,20,10.0,0,,5,25.0,56,3.1428571428571432
238,2,38,20,10.0,16,26.0,0,,6,57.16666666666666
239,2,39,20,10.0,0,,16,12.0,34,17.61764705882353
240,2,40,20,10.0,14,27.92857142857143,29,14.758620689655173,43,9.976744186046512
241,2,41,20,10.0,17,26.0,18,15.0,80,13.525
242,2,42,20,10.0,0,,0,,36,12.277777777777779
243,2,43,20,10.0,0,,44,16.431818181818183,40,12.8
244,2,44,20,10.0,28,26.0,0,,77,11.519480519480519
245,2,45,20,10.0,0,,0,,68,16.426470588235293
246,2,46,20,10.0,30,27.266666666666666,6,14.0,110,11.21818181818182
247,2,47,20,10.0,13,28.0,5,14.0,30,19.933333333333334
248,2,48,20,10.0,14,26.07142857142857,0,,71,18.35211267605634
249,2,49,20,10.0,0,,5,14.0,24,6.5
250,2,50,20,10.0,0,,5,14.0,1,63.0
251,2,51,20,10.0,0,,5,14.0,14,14.142857142857142
252,2,52,20,10.0,28,26.035714285714285,0,,14,13.0
253,2,53,20,10.0,24,27.16666666666667,0,,13,37.846153846153854
254,2,54,20,10.0,0,,0,,21,28.714285714285715
255,2,55,20,10.0,16,28.0,5,14.0,12,5.75
256,2,56,20,10.0,15,26.0,5,14.0,19,1.947368421052632
257,2,57,20,10.0,0,,0,,20,25.95
258,2,58,20,10.0,0,,0,,16,22.375
259,2,59,20,10.0,0,,0,,14,28.285714285714285
260,2,60,20,10.0,0,,0,,1,1.0
261,2,61,20,10.0,42,27.285714285714285,5,14.0,14,32.214285714285715
262,2,62,20,10.0,15,28.0,0,,19,30.36842105263158
263,2,63,20,10.0,0,,5,14.0,2,22.0
264,2,64,20,10.0,22,26.0,5,14.0,24,21.45833333333333
265,2,65,20,10.0,0,,5,14.0,19,15.73684210526316
266,2,66,20,10.0,0,,0,,22,22.045454545454547
267,2,67,20,10.0,25,26.04,5,14.0,17,40.29411764705883
268,2,68,20,10.0,27,28.0,0,,6,55.66666666666666
269,2,69,20,10.0,13,26.0,0,,13,25.615384615384613
270,2,70,20,10.0,0,,0,,13,22.84615384615385
271,2,71,20,10.0,0,,0,,22,14.454545454545455
272,2,72,20,10.0,0,,5,14.0,12,24.33333333333333
273,2,73,20,10.0,31,27.967741935483872,0,,12,26.25
274,2,74,20,10.0,30,26.966666666666665,0,,12,36.91666666666666
275,2,75,20,10.0,0,,5,14.0,13,30.84615384615385
276,2,76,20,10.0,16,26.0,0,,18,13.333333333333336
277,2,77,20,10.0,0,,5,14.0,18,19.444444444444443
278,2,78,20,10.0,1,27.0,5,14.0,20,21.85
279,2,79,20,10.0,29,27.896551724137932,5,14.0,20,20.7
280,2,80,20,10.0,26,26.0,0,,3,53.0
281,2,81,20,10.0,0,,5,14.0,12,4.0
282,2,82,20,10.0,0,,0,,22,26.363636363636363
283,2,83,20,10.0,0,,0,,18,35.77777777777778
284,2,84,20,10.0,27,28.0,0,,21,25.904761904761905
285,2,85,20,10.0,13,26.0,0,,32,19.875
286,2,86,20,10.0,10,26.0,0,,0,
287,2,87,20,10.0,16,28.0,5,14.0,25,18.6
288,2,88,20,10.0,0,,5,14.0,27,5.074074074074074
289,2,89,20,10.0,0,,0,,2,64.0
290,2,90,20,10.0,31,26.032258064516128,0,,2,64.0
291,2,91,20,10.0,17,27.882352941176467,5,14.0,31,31.451612903225808
292,2,92,20,10.0,0,,5,14.0,20,35.05
293,2,93,20,10.0,32,27.0,0,,19,19.157894736842106
294,2,94,20,10.0,0,,0,,5,10.6
295,2,95,20,10.0,0,,5,14.0,10,7.3
296,2,96,20,10.0,17,27.94117647058824,5,14.0,17,28.882352941176467
297,2,97,20,10.0,0,,0,,26,32.346153846153854
298,2,98,20,10.0,12,26.0,0,,3,53.0
299,2,99,20,10.0,13,26.23076923076923,0,,10,12.0
300,2,100,20,10.0,0,,0,,20,12.0
301,2,101,20,10.0,17,26.0,5,14.0,26,13.807692307692307
302,2,102,20,10.0,17,28.0,0,,18,38.555555555555564
303,2,103,20,10.0,18,27.944444444444446,0,,14,2.5
304,2,104,20,10.0,13,26.0,5,14.0,24,14.791666666666664
305,2,105,20,10.0,0,,5,14.0,11,39.72727272727273
306,2,106,20,10.0,0,,0,,1,2.0
307,2,107,20,10.0,20,28.0,5,14.0,10,70.5
308,2,108,20,10.0,0,,5,14.0,18,15.833333333333336
309,2,109,20,10.0,41,26.04878048780488,0,,23,18.47826086956522
310,2,110,20,10.0,13,27.923076923076927,0,,19,30.578947368421048
311,2,111,20,10.0,0,,5,14.0,11,29.90909090909091
312,2,112,20,10.0,0,,0,,7,33.714285714285715
313,2,113,20,10.0,14,26.0,0,,18,22.777777777777782
314,2,114,20,10.0,14,28.0,0,,8,10.75
315,2,115,20,10.0,0,,0,,21,32.666666666666664
316,2,116,20,10.0,26,26.0,5,14.0,20,24.95
317,2,117,20,10.0,13,28.0,0,,9,53.88888888888889
318,2,118,20,10.0,13,26.0,0,,16,12.875
319,2,119,20,10.0,1,27.0,0,,3,55.0
320,2,120,20,10.0,10,28.0,5,14.0,4,57.0
321,2,121,20,10.0,0,,5,14.0,13,9.23076923076923
322,2,122,20,10.0,30,26.9,0,,17,14.588235294117649
323,2,123,20,10.0,33,26.0,0,,7,32.285714285714285
324,2,124,20,10.0,0,,5,14.0,14,49.28571428571429
325,2,125,20,10.0,16,28.0,5,14.0,17,24.94117647058824
326,2,126,20,10.0,0,,5,14.0,28,17.964285714285715
327,2,127,20,10.0,15,27.93333333333333,5,14.0,15,12.533333333333333
328,2,128,20,10.0,11,26.09090909090909,5,14.0,8,16.75
329,2,129,20,10.0,16,27.9375,0,,4,65.0
330,2,130,20,10.0,13,28.0,5,14.0,7,63.57142857142857
331,2,131,20,10.0,26,26.0,5,14.0,7,59.85714285714285
332,2,132,20,10.0,1,27.0,5,14.0,4,69.0
333,2,133,20,10.0,0,,0,,2,29.0
334,2,134,20,10.0,13,27.923076923076927,0,,5,59.0
335,2,135,20,10.0,26,26.07692307692308,5,14.0,3,29.0
336,2,136,20,10.0,10,26.0,5,14.0,5,53.0
337,2,137,20,10.0,0,,5,14.0,10,69.5
338,2,138,20,10.0,18,26.0,0,,1,65.0
339,2,139,20,10.0,0,,5,14.0,0,
340,2,140,20,10.0,32,26.0,0,,9,35.0
341,2,141,20,10.0,32,28.0,0,,5,66.0
342,2,142,20,10.0,0,,0,,5,53.0
343,2,143,20,10.0,0,,0,,7,59.0
344,2,144,20,10.0,16,28.0,0,,0,
345,2,145,20,10.0,0,,5,14.0,2,64.0
346,2,146,20,10.0,0,,0,,11,62.45454545454545
347,2,147,20,10.0,12,28.0,0,,5,55.0
348,2,148,20,10.0,28,26.0,5,14.0,0,
349,2,149,20,10.0,0,,5,14.0,5,55.0
350,2,150,20,10.0,0,,0,,10,61.0
351,2,151,20,10.0,26,28.0,0,,0,
352,2,152,20,10.0,14,26.07142857142857,5,14.0,5,64.8
353,2,153,20,10.0,36,26.972222222222218,5,14.0,6,70.33333333333333
354,2,154,20,10.0,0,,5,14.0,5,53.0
355,2,155,20,10.0,0,,5,14.0,0,
356,2,156,20,10.0,0,,5,14.0,5,71.0
357,2,157,20,10.0,35,27.085714285714282,0,,5,66.0
358,2,158,20,10.0,14,26.0,0,,8,59.75
359,2,159,20,10.0,0,,0,,0,
360,2,160,20,10.0,0,,5,14.0,5,53.0
361,2,161,20,10.0,0,,0,,1,43.0
362,2,162,20,10.0,18,28.0,0,,9,45.0
363,2,163,20,10.0,14,27.92857142857143,5,14.0,5,55.0
364,2,164,20,10.0,29,27.103448275862068,0,,4,68.0
365,2,165,20,10.0,16,26.0625,5,14.0,4,43.5
366,2,166,20,10.0,0,,0,,6,66.5
367,2,167,20,10.0,0,,0,,5,55.0
368,2,168,20,10.0,30,26.0,0,,1,72.0
369,2,169,20,10.0,15,28.0,0,,5,70.6
370,2,170,20,10.0,0,,0,,5,55.0
371,2,171,20,10.0,16,28.0,5,14.0,0,
372,2,172,20,10.0,19,26.0,0,,4,69.5
373,2,173,20,10.0,0,,5,14.0,7,58.42857142857143
374,2,174,20,10.0,13,26.153846153846153,0,,9,60.111111111111114
375,2,175,20,10.0,0,,0,,0,
376,2,176,20,10.0,0,,5,14.0,2,72.0
377,2,177,20,10.0,30,27.066666666666666,0,,8,64.375
378,2,178,20,10.0,32,26.875,5,14.0,5,66.0
379,2,179,20,10.0,18,28.0,5,14.0,5,68.8
380,2,180,20,10.0,0,,5,14.0,5,72.0
381,2,181,20,10.0,0,,0,,3,28.0
382,2,182,20,10.0,0,,0,,5,72.0
383,2,183,20,10.0,13,26.0,5,14.0,5,70.0
384,2,184,20,10.0,0,,0,,5,53.0
385,2,185,20,10.0,10,26.0,5,14.0,0,
386,2,186,20,10.0,0,,0,,0,
387,2,187,20,10.0,18,26.16666666666667,5,14.0,5,55.0
388,2,188,20,10.0,50,28.0,5,14.0,10,61.0
389,2,189,20,10.0,0,,5,14.0,5,53.0
390,2,190,20,10.0,2,27.0,5,14.0,7,57.85714285714285
391,2,191,20,10.0,0,,0,,0,
392,2,192,20,10.0,10,28.0,0,,0,
393,2,193,20,10.0,32,28.0,0,,5,72.0
394,2,194,20,10.0,31,28.0,5,14.0,7,70.57142857142857
395,2,195,20,10.0,0,,0,,9,61.444444444444436
396,2,196,0,,17,27.94117647058824,0,,3,72.0
397,2,197,0,,0,,5,14.0,0,
398,2,198,0,,0,,0,,10,53.0
399,2,199,0,,11,26.09090909090909,0,,2,72.0
400,3,0,20,10.0,0,,0,,0,
401,3,1,20,10.0,10,2.0,0,,41,3.3902439024390243
402,3,2,20,10.0,19,3.3157894736842106,0,,100,2.1
403,3,3,20,10.0,12,2.0,4,14.0,38,4.605263157894737
404,3,4,20,10.0,0,,4,14.0,31,1.3870967741935485
405,3,5,20,10.0,32,21.25,10,50.8,46,4.086956521739131
406,3,6,20,10.0,46,16.434782608695652,1,50.0,78,9.692307692307693
407,3,7,20,10.0,8,1.0,0,,40,9.075
408,3,8,20,10.0,36,12.944444444444445,19,50.0,18,23.777777777777782
409,3,9,20,10.0,18,21.777777777777782,0,,75,6.3599999999999985
410,3,10,20,10.0,14,10.428571428571429,42,38.23809523809524,55,3.272727272727273
411,3,11,20,10.0,12,23.0,10,45.0,31,4.032258064516129
412,3,12,20,10.0,0,,0,,53,17.60377358490566
413,3,13,20,10.0,7,6.2857142857142865,9,22.0,31,11.709677419354836
414,3,14,20,10.0,27,18.296296296296298,15,46.0,28,13.321428571428573
415,3,15,20,10.0,16,22.0625,0,,31,16.870967741935484
416,3,16,20,10.0,1,24.0,19,26.0,76,25.657894736842106
417,3,17,20,10.0,32,8.34375,16,40.0,31,8.451612903225808
418,3,18,20,10.0,19,20.789473684210527,7,17.0,25,14.0
419,3,19,20,10.0,7,11.714285714285715,0,,38,6.578947368421054
420,3,20,20,10.0,6,2.5,5,40.0,72,9.194444444444443
421,3,21,20,10.0,0,,5,50.4,72,6.972222222222222
422,3,22,20,10.0,55,22.63636363636364,9,23.0,62,11.725806451612904
423,3,23,20,10.0,57,15.175438596491228,6,40.333333333333336,37,2.3513513513513518
424,3,24,20,10.0,4,2.0,40,45.575,26,7.346153846153847
425,3,25,20,10.0,1,1.0,35,38.0,45,5.933333333333334
426,3,26,20,10.0,0,,4,52.0,73,34.561643835616444
427,3,27,20,10.0,10,9.3,17,25.294117647058826,60,12.95
428,3,28,20,10.0,7,4.714285714285714,0,,68,13.367647058823529
429,3,29,20,10.0,32,15.406250000000002,0,,42,34.142857142857146
430,3,30,20,10.0,15,25.0,5,51.0,53,24.245283018867926
431,3,31,20,10.0,24,21.33333333333333,10,30.5,34,1.7647058823529411
432,3,32,20,10.0,0,,24,51.0,50,4.3
433,3,33,20,10.0,0,,19,48.31578947368421,28,14.142857142857142
434,3,34,20,10.0,30,16.733333333333334,33,24.78787878787879,70,7.357142857142858
435,3,35,20,10.0,27,8.074074074074074,0,,37,7.837837837837838
436,3,36,20,10.0,0,,15,40.0,36,4.8055555555555545
437,3,37,20,10.0,22,23.0,8,26.0,15,1.0
438,3,38,20,10.0,13,13.461538461538463,0,,45,13.044444444444444
439,3,39,20,10.0,30,5.0,0,,57,11.701754385964911
440,3,40,20,10.0,16,23.4375,5,40.0,57,6.701754385964912
441,3,41,20,10.0,23,14.434782608695652,22,32.95454545454545,92,11.934782608695652
442,3,42,20,10.0,32,18.28125,0,,0,
443,3,43,20,10.0,6,5.666666666666668,17,38.0,2,56.0
444,3,44,20,10.0,23,2.0,0,,0,
445,3,45,20,10.0,41,18.60975609756097,0,,14,34.142857142857146
446,3,46,20,10.0,45,15.844444444444445,14,40.0,3,55.0
447,3,47,20,10.0,9,8.11111111111111,15,40.0,13,28.30769230769231
448,3,48,20,10.0,0,,0,,17,32.47058823529412
449,3,49,20,10.0,37,14.297297297297295,5,13.0,37,55.7027027027027
450,3,50,20,10.0,11,9.0,17,38.0,18,56.88888888888889
451,3,51,20,10.0,0,,0,,3,56.0
452,3,52,20,10.0,38,23.0,24,40.0,0,
453,3,53,20,10.0,29,15.517241379310345,5,38.0,0,
454,3,54,20,10.0,3,1.0,5,38.0,29,17.931034482758623
455,3,55,20,10.0,2,11.0,0,,31,43.87096774193547
456,3,56,20,10.0,0,,38,38.0,29,55.96551724137931
457,3,57,20,10.0,16,21.8125,0,,3,56.0
458,3,58,20,10.0,12,2.0,0,,0,
459,3,59,20,10.0,20,18.85,0,,0,
460,3,60,20,10.0,21,18.428571428571427,17,38.0,10,18.0
461,3,61,20,10.0,2,3.5,0,,0,
462,3,62,20,10.0,2,24.0,5,40.0,6,55.0
463,3,63,20,10.0,20,20.75,0,,13,28.30769230769231
464,3,64,20,10.0,28,23.92857142857143,12,39.16666666666666,5,55.6
465,3,65,20,10.0,18,21.055555555555557,33,40.75757575757576,19,18.315789473684212
466,3,66,20,10.0,0,,18,39.944444444444436,19,18.0
467,3,67,20,10.0,33,13.757575757575758,0,,38,16.92105263157895
468,3,68,20,10.0,0,,0,,52,16.03846153846154
469,3,69,20,10.0,0,,0,,0,
470,3,70,20,10.0,2,16.0,0,,19,16.105263157894736
471,3,71,20,10.0,32,20.5,6,40.0,44,16.636363636363637
472,3,72,20,10.0,17,13.705882352941178,18,38.0,0,
473,3,73,20,10.0,1,1.0,18,40.0,44,14.272727272727273
474,3,74,20,10.0,14,14.071428571428573,5,38.0,8,17.0
475,3,75,20,10.0,12,3.1666666666666665,5,38.0,0,
476,3,76,20,10.0,25,23.0,0,,7,18.0
477,3,77,20,10.0,25,4.92,0,,10,20.0
478,3,78,20,10.0,45,8.422222222222222,5,26.0,16,33.125
479,3,79,20,10.0,32,11.625,0,,0,
480,3,80,20,10.0,2,6.0,0,,10,54.0
481,3,81,20,10.0,18,25.0,5,38.0,0,
482,3,82,20,10.0,5,9.0,5,14.0,11,42.18181818181818
483,3,83,20,10.0,31,14.93548387096774,5,38.0,13,28.07692307692308
484,3,84,20,10.0,4,1.0,16,40.0,8,55.75
485,3,85,20,10.0,20,19.0,5,38.0,20,54.0
486,3,86,20,10.0,1,1.0,17,38.0,6,56.0
487,3,87,20,10.0,38,16.526315789473685,16,40.0,8,56.0
488,3,88,20,10.0,22,22.272727272727273,0,,14,27.714285714285715
489,3,89,20,10.0,6,8.333333333333334,24,41.0,25,31.52
490,3,90,20,10.0,28,25.0,10,20.0,24,39.833333333333336
491,3,91,20,10.0,24,20.08333333333333,0,,8,56.0
492,3,92,20,10.0,0,,33,38.0,0,
493,3,93,20,10.0,8,1.0,5,40.0,15,57.0
494,3,94,20,10.0,21,13.190476190476188,0,,28,33.214285714285715
495,3,95,20,10.0,1,14.0,5,38.0,5,55.6
496,3,96,20,10.0,15,23.6,0,,10,57.0
497,3,97,20,10.0,0,,0,,6,56.0
498,3,98,20,10.0,27,15.888888888888891,5,40.0,21,57.0
499,3,99,20,10.0,15,22.6,17,38.0,10,54.0
500,3,100,20,10.0,13,23.0,0,,1,56.0
501,3,101,20,10.0,7,12.714285714285715,5,38.0,0,
502,3,102,20,10.0,40,18.475,5,40.0,7,18.0
503,3,103,20,10.0,13,13.923076923076925,24,41.0,17,20.0
504,3,104,20,10.0,25,18.52,0,,10,20.0
505,3,105,20,10.0,27,14.333333333333336,29,40.0,11,20.0
506,3,106,20,10.0,9,8.333333333333334,0,,34,57.82352941176471
507,3,107,20,10.0,0,,0,,30,54.0
508,3,108,20,10.0,6,9.5,0,,20,54.0
509,3,109,20,10.0,14,23.285714285714285,5,38.0,29,53.0
510,3,110,20,10.0,3,1.6666666666666667,0,,6,56.0
511,3,111,20,10.0,13,4.461538461538462,17,40.0,0,
512,3,112,20,10.0,18,22.055555555555557,5,38.0,0,
513,3,113,20,10.0,31,19.61290322580645,0,,0,
514,3,114,20,10.0,2,1.0,31,38.0,11,20.0
515,3,115,20,10.0,17,23.0,16,40.0,13,31.07692307692308
516,3,116,20,10.0,4,7.0,0,,13,28.30769230769231
517,3,117,20,10.0,16,3.375,5,14.0,36,54.0
518,3,118,20,10.0,30,22.13333333333333,0,,20,54.0
519,3,119,20,10.0,44,22.772727272727273,31,38.0,3,56.0
520,3,120,20,10.0,1,1.0,5,14.0,34,53.0
521,3,121,20,10.0,17,7.9411764705882355,5,40.0,5,18.0
522,3,122,20,10.0,15,25.0,5,38.0,7,18.0
523,3,123,20,10.0,16,21.875,20,38.0,11,20.0
524,3,124,20,10.0,27,19.666666666666668,0,,19,21.894736842105264
525,3,125,20,10.0,14,1.9285714285714288,0,,7,55.57142857142857
526,3,126,20,10.0,0,,0,,3,55.0
527,3,127,20,10.0,60,22.566666666666666,0,,20,54.0
528,3,128,20,10.0,23,20.52173913043478,0,,10,54.0
529,3,129,20,10.0,0,,17,40.0,0,
530,3,130,20,10.0,34,14.558823529411766,17,40.0,1,56.0
531,3,131,20,10.0,6,2.0,5,38.0,26,40.307692307692314
532,3,132,20,10.0,18,25.0,5,40.0,10,57.0
533,3,133,20,10.0,4,11.0,0,,30,44.66666666666666
534,3,134,20,10.0,0,,5,14.0,3,56.0
535,3,135,20,10.0,5,9.0,0,,20,57.0
536,3,136,20,10.0,28,24.0,21,33.8095238095238,4,56.0
537,3,137,20,10.0,16,20.625,14,26.0,10,54.0
538,3,138,20,10.0,0,,19,40.0,0,
539,3,139,20,10.0,19,15.31578947368421,5,40.0,24,39.16666666666666
540,3,140,20,10.0,7,6.0,0,,20,20.0
541,3,141,20,10.0,1,5.0,5,14.0,2,56.0
542,3,142,20,10.0,0,,0,,22,54.0
543,3,143,20,10.0,51,18.666666666666668,10,27.0,6,56.0
544,3,144,20,10.0,3,12.0,0,,0,
545,3,145,20,10.0,32,15.96875,0,,7,18.0
546,3,146,20,10.0,1,10.0,5,38.0,5,55.8
547,3,147,20,10.0,17,20.529411764705888,5,38.0,0,
548,3,148,20,10.0,25,17.24,0,,11,20.0
549,3,149,20,10.0,24,12.208333333333336,43,38.0,20,54.0
550,3,150,20,10.0,28,19.0,0,,15,34.4
551,3,151,20,10.0,43,5.651162790697675,5,14.0,11,20.0
552,3,152,20,10.0,0,,0,,10,54.0
553,3,153,20,10.0,18,12.388888888888891,0,,20,54.0
554,3,154,20,10.0,31,14.161290322580646,5,14.0,10,20.0
555,3,155,20,10.0,16,25.0,5,38.0,3,55.0
556,3,156,20,10.0,52,22.615384615384613,30,26.0,0,
557,3,157,20,10.0,7,10.0,0,,0,
558,3,158,20,10.0,2,4.0,56,39.0,17,20.0
559,3,159,20,10.0,26,11.615384615384615,0,,6,56.0
560,3,160,20,10.0,14,23.0,0,,23,28.82608695652174
561,3,161,20,10.0,19,17.210526315789473,5,14.0,30,54.0
562,3,162,20,10.0,15,22.066666666666666,17,38.0,0,
563,3,163,20,10.0,16,15.375,0,,33,42.84848484848485
564,3,164,20,10.0,0,,5,38.0,0,
565,3,165,20,10.0,8,15.5,0,,8,22.75
566,3,166,20,10.0,18,23.11111111111111,17,40.0,11,20.0
567,3,167,20,10.0,24,17.0,19,38.0,21,25.142857142857146
568,3,168,20,10.0,17,15.235294117647056,18,38.0,0,
569,3,169,20,10.0,0,,0,,12,37.0
570,3,170,20,10.0,24,18.83333333333333,5,38.0,34,54.0
571,3,171,20,10.0,13,16.0,0,,12,55.5
572,3,172,20,10.0,39,12.333333333333336,0,,5,56.0
573,3,173,20,10.0,5,1.0,0,,22,57.0
574,3,174,20,10.0,3,1.0,0,,0,
575,3,175,20,10.0,22,19.13636363636364,0,,0,
576,3,176,20,10.0,0,,18,40.0,0,
577,3,177,20,10.0,21,19.904761904761905,5,38.0,22,20.90909090909091
578,3,178,20,10.0,39,25.0,18,40.0,10,57.0
579,3,179,20,10.0,0,,0,,6,56.0
580,3,180,20,10.0,0,,0,,23,54.39130434782609
581,3,181,20,10.0,11,25.0,0,,4,55.75
582,3,182,20,10.0,16,23.0,0,,21,57.0
583,3,183,20,10.0,23,12.304347826086955,5,38.0,0,
584,3,184,20,10.0,2,1.0,55,35.38181818181818,0,
585,3,185,20,10.0,15,6.0,0,,2,56.0
586,3,186,20,10.0,12,8.916666666666666,0,,15,32.0
587,3,187,20,10.0,17,12.470588235294118,0,,6,55.0
588,3,188,20,10.0,30,23.2,0,,15,34.2
589,3,189,20,10.0,1,13.0,0,,40,54.0
590,3,190,20,10.0,0,,19,31.684210526315788,0,
591,3,191,20,10.0,30,25.0,5,40.0,19,54.0
592,3,192,20,10.0,5,9.0,0,,0,
593,3,193,20,10.0,0,,0,,2,56.0
594,3,194,20,10.0,23,15.434782608695652,5,26.0,0,
595,3,195,20,10.0,1,7.0,0,,6,55.5
596,3,196,0,,6,1.1666666666666667,0,,12,25.83333333333333
597,3,197,0,,0,,0,,20,54.0
598,3,198,0,,0,,0,,4,56.0
599,3,199,0,,0,,0,,8,56.0
600,4,0,20,10.0,0,,0,,0,
601,4,1,20,10.0,0,,0,,0,
602,4,2,20,10.0,4,3.5,11,36.09090909090909,0,
603,4,3,20,10.0,19,3.3157894736842106,3,52.0,0,
604,4,4,20,10.0,9,3.0,6,52.0,2,45.0
605,4,5,20,10.0,10,5.7,6,52.0,0,
606,4,6,20,10.0,11,4.090909090909091,3,53.0,8,85.5
607,4,7,20,10.0,1,11.0,8,41.375,18,47.66666666666666
608,4,8,20,10.0,2,6.0,3,53.0,13,80.53846153846153
609,4,9,20,10.0,10,2.5,6,52.0,2,102.0
610,4,10,20,10.0,8,5.375,3,52.0,5,75.0
611,4,11,20,10.0,5,7.8,10,52.6,0,
612,4,12,20,10.0,15,3.733333333333333,24,38.66666666666666,1,77.0
613,4,13,20,10.0,7,7.857142857142858,7,52.85714285714285,4,46.0
614,4,14,20,10.0,5,4.2,3,52.0,14,75.0
615,4,15,20,10.0,7,2.571428571428572,5,52.6,15,57.4
616,4,16,20,10.0,26,2.0,2,53.0,0,
617,4,17,20,10.0,6,2.1666666666666665,10,43.7,29,101.17241379310344
618,4,18,20,10.0,28,4.107142857142857,6,38.0,10,75.0
619,4,19,20,10.0,7,2.4285714285714284,8,52.375,0,
620,4,20,20,10.0,18,3.9444444444444446,9,39.0,7,33.0
621,4,21,20,10.0,6,2.333333333333333,8,52.375,5,102.0
622,4,22,20,10.0,1,11.0,6,52.66666666666666,8,49.0
623,4,23,20,10.0,28,7.2142857142857135,13,48.53846153846154,14,72.0
624,4,24,20,10.0,14,4.142857142857143,8,41.375,2,93.0
625,4,25,20,10.0,2,6.5,5,45.8,5,97.4
626,4,26,20,10.0,16,2.0,15,40.8,22,86.95454545454545
627,4,27,20,10.0,7,2.0,0,,19,78.0
628,4,28,20,10.0,7,3.2857142857142856,5,42.2,0,
629,4,29,20,10.0,14,6.0,3,53.0,6,51.0
630,4,30,20,10.0,15,1.7333333333333334,3,52.0,0,
631,4,31,20,10.0,7,3.2857142857142856,0,,1,90.0
632,4,32,20,10.0,13,7.846153846153847,6,53.0,9,34.666666666666664
633,4,33,20,10.0,13,1.8461538461538465,6,53.0,2,93.0
634,4,34,20,10.0,16,9.0625,8,52.375,6,98.0
635,4,35,20,10.0,35,8.085714285714285,11,36.36363636363637,21,73.90476190476191
636,4,36,20,10.0,9,5.111111111111111,8,52.75,6,27.0
637,4,37,20,10.0,7,6.857142857142858,14,37.57142857142857,15,80.13333333333334
638,4,38,20,10.0,18,5.5,14,41.42857142857143,0,
639,4,39,20,10.0,1,1.0,4,53.0,5,75.0
640,4,40,20,10.0,7,5.142857142857143,2,53.0,15,97.8
641,4,41,20,10.0,15,3.466666666666667,6,52.66666666666666,16,41.25
642,4,42,20,10.0,7,5.0,10,52.2,16,46.5
643,4,43,20,10.0,7,2.8571428571428568,6,52.0,0,
644,4,44,20,10.0,6,8.0,4,53.0,33,29.78787878787879
645,4,45,20,10.0,19,8.473684210526315,16,38.1875,17,27.294117647058826
646,4,46,20,10.0,2,3.0,3,52.0,0,
647,4,47,20,10.0,4,5.0,3,52.0,17,23.0
648,4,48,20,10.0,22,4.363636363636363,6,52.0,19,27.157894736842106
649,4,49,20,10.0,16,1.9375,4,53.0,4,23.0
650,4,50,20,10.0,12,4.833333333333333,11,35.0,26,37.53846153846154
651,4,51,20,10.0,8,3.5,6,52.0,0,
652,4,52,20,10.0,14,4.0,8,41.375,0,
653,4,53,20,10.0,15,4.933333333333334,1,17.0,6,27.0
654,4,54,20,10.0,18,1.9444444444444444,13,43.153846153846146,0,
655,4,55,20,10.0,4,3.5,3,53.0,5,27.0
656,4,56,20,10.0,12,9.666666666666668,3,52.0,14,54.42857142857143
657,4,57,20,10.0,16,2.125,5,52.6,6,27.0
658,4,58,20,10.0,5,6.4,6,53.0,10,68.4
659,4,59,20,10.0,4,5.0,14,40.07142857142857,9,77.77777777777777
660,4,60,20,10.0,10,3.2,6,52.5,3,90.0
661,4,61,20,10.0,11,3.272727272727273,3,53.0,7,78.0
662,4,62,20,10.0,2,6.5,12,43.83333333333334,10,83.8
663,4,63,20,10.0,15,2.7333333333333334,10,45.8,0,
664,4,64,20,10.0,15,4.0,0,,19,93.7894736842105
665,4,65,20,10.0,16,4.4375,3,53.0,13,93.23076923076924
666,4,66,20,10.0,7,3.0,8,52.5,0,
667,4,67,20,10.0,16,3.5625,22,36.63636363636363,12,77.83333333333333
668,4,68,20,10.0,3,5.666666666666668,8,30.125,8,101.0
669,4,69,20,10.0,9,3.555555555555556,6,53.0,0,
670,4,70,20,10.0,4,5.25,3,53.0,3,75.0
671,4,71,20,10.0,16,4.625,0,,14,80.0
672,4,72,20,10.0,10,5.4,11,44.54545454545455,1,77.0
673,4,73,20,10.0,2,3.5,5,52.6,8,27.0
674,4,74,20,10.0,11,2.4545454545454546,0,,16,64.5625
675,4,75,20,10.0,8,3.875,8,52.75,4,93.0
676,4,76,20,10.0,5,6.4,8,52.375,4,88.0
677,4,77,20,10.0,7,3.7142857142857135,4,53.0,4,75.0
678,4,78,20,10.0,0,,9,52.88888888888889,14,65.35714285714286
679,4,79,20,10.0,5,6.2,12,44.0,7,36.42857142857143
680,4,80,20,10.0,12,2.833333333333333,7,47.42857142857143,11,47.27272727272727
681,4,81,20,10.0,5,7.4,7,52.85714285714285,12,93.0
682,4,82,20,10.0,3,6.333333333333332,8,52.375,10,87.6
683,4,83,20,10.0,13,3.0,6,52.5,20,76.8
684,4,84,20,10.0,9,2.2222222222222223,7,52.57142857142857,2,97.0
685,4,85,20,10.0,35,9.514285714285714,0,,8,27.0
686,4,86,20,10.0,7,2.571428571428572,7,52.14285714285714,9,75.0
687,4,87,20,10.0,10,3.5,23,39.69565217391305,7,78.42857142857143
688,4,88,20,10.0,14,3.571428571428572,5,17.0,0,
689,4,89,20,10.0,9,4.4444444444444455,0,,20,83.55
690,4,90,20,10.0,8,4.5,8,41.75,8,75.0
691,4,91,20,10.0,7,3.0,0,,8,100.0
692,4,92,20,10.0,4,5.0,8,52.25,5,93.0
693,4,93,20,10.0,30,1.5333333333333334,11,36.36363636363637,0,
694,4,94,20,10.0,33,9.181818181818182,12,52.5,5,75.0
695,4,95,20,10.0,2,6.0,6,34.5,19,58.05263157894736
696,4,96,20,10.0,4,4.75,6,53.0,6,27.0
697,4,97,20,10.0,19,10.789473684210524,20,36.8,7,37.57142857142857
698,4,98,20,10.0,0,,3,52.0,16,61.875
699,4,99,20,10.0,21,7.952380952380952,2,53.0,10,75.0
700,4,100,20,10.0,8,4.75,13,39.153846153846146,5,97.0
701,4,101,20,10.0,5,5.0,7,27.285714285714285,0,
702,4,102,20,10.0,10,2.0,2,53.0,7,102.0
703,4,103,20,10.0,24,3.7083333333333335,3,53.0,2,51.0
704,4,104,20,10.0,2,6.0,14,40.142857142857146,15,62.6
705,4,105,20,10.0,14,6.2142857142857135,3,53.0,1,77.0
706,4,106,20,10.0,32,7.96875,5,52.4,8,98.875
707,4,107,20,10.0,22,7.045454545454546,12,52.75,7,75.0
708,4,108,20,10.0,16,1.3125,3,53.0,20,80.95
709,4,109,20,10.0,16,3.5625,5,52.4,7,37.142857142857146
710,4,110,20,10.0,6,4.333333333333333,14,42.714285714285715,10,33.0
711,4,111,20,10.0,16,5.0,8,35.0,0,
712,4,112,20,10.0,6,9.666666666666666,12,35.0,12,59.5
713,4,113,20,10.0,8,4.5,3,53.0,18,99.44444444444444
714,4,114,20,10.0,8,1.875,6,52.5,0,
715,4,115,20,10.0,10,2.7,10,43.8,0,
716,4,116,20,10.0,8,2.875,3,52.0,4,102.0
717,4,117,20,10.0,19,3.5263157894736836,3,52.0,12,75.0
718,4,118,20,10.0,2,8.0,9,40.66666666666666,0,
719,4,119,20,10.0,10,3.7,14,46.35714285714285,11,78.0
720,4,120,20,10.0,3,5.333333333333333,9,42.77777777777778,8,93.0
721,4,121,20,10.0,3,4.333333333333333,19,40.526315789473685,0,
722,4,122,20,10.0,9,8.555555555555555,5,19.0,6,35.0
723,4,123,20,10.0,12,4.083333333333333,5,35.0,13,73.15384615384616
724,4,124,20,10.0,26,8.0,3,52.0,0,
725,4,125,20,10.0,24,4.083333333333333,3,52.0,9,39.22222222222222
726,4,126,20,10.0,6,2.6666666666666665,0,,11,78.0
727,4,127,20,10.0,14,2.071428571428572,19,42.473684210526315,0,
728,4,128,20,10.0,12,3.083333333333333,8,52.75,5,90.0
729,4,129,20,10.0,7,6.142857142857142,4,43.5,12,47.0
730,4,130,20,10.0,11,1.818181818181818,6,52.5,12,61.0
731,4,131,20,10.0,10,2.9,6,52.5,8,27.0
732,4,132,20,10.0,10,4.5,7,40.142857142857146,14,54.42857142857143
733,4,133,20,10.0,18,2.888888888888889,9,43.0,0,
734,4,134,20,10.0,9,3.7777777777777777,3,52.0,0,
735,4,135,20,10.0,9,3.555555555555556,3,52.0,13,81.23076923076924
736,4,136,20,10.0,9,4.777777777777779,9,52.88888888888889,0,
737,4,137,20,10.0,9,8.555555555555555,0,,13,89.07692307692308
738,4,138,20,10.0,5,3.2,6,52.66666666666666,0,
739,4,139,20,10.0,8,4.625,3,53.0,17,61.70588235294117
740,4,140,20,10.0,44,5.9318181818181825,3,53.0,16,60.0
741,4,141,20,10.0,12,2.6666666666666665,7,52.57142857142857,5,99.0
742,4,142,20,10.0,6,1.8333333333333333,32,33.875,4,98.0
743,4,143,20,10.0,30,9.8,0,,6,48.0
744,4,144,20,10.0,28,3.1071428571428568,8,41.75,5,27.0
745,4,145,20,10.0,8,4.75,3,53.0,8,75.0
746,4,146,20,10.0,12,4.416666666666667,17,35.0,7,53.0
747,4,147,20,10.0,2,6.0,5,52.4,0,
748,4,148,20,10.0,4,2.75,7,35.0,1,102.0
749,4,149,20,10.0,4,7.0,3,53.0,12,79.0
750,4,150,20,10.0,7,2.142857142857143,6,53.0,13,66.30769230769229
751,4,151,20,10.0,19,4.7368421052631575,3,52.0,6,93.0
752,4,152,20,10.0,16,10.125,12,52.83333333333334,5,75.0
753,4,153,20,10.0,2,6.0,6,52.5,7,36.857142857142854
754,4,154,20,10.0,4,8.0,3,53.0,16,93.0
755,4,155,20,10.0,21,2.380952380952381,7,47.57142857142857,7,51.85714285714285
756,4,156,20,10.0,5,6.2,3,53.0,5,75.0
757,4,157,20,10.0,7,5.285714285714286,10,35.0,7,93.0
758,4,158,20,10.0,5,6.2,6,53.0,5,27.0
759,4,159,20,10.0,20,8.85,8,52.375,13,63.0
760,4,160,20,10.0,8,5.75,6,53.0,5,97.0
761,4,161,20,10.0,7,2.571428571428572,3,52.0,8,99.875
762,4,162,20,10.0,13,2.9230769230769234,0,,14,56.14285714285714
763,4,163,20,10.0,4,7.0,14,41.214285714285715,3,102.0
764,4,164,20,10.0,33,8.909090909090908,0,,5,101.6
765,4,165,20,10.0,4,4.5,0,,6,81.5
766,4,166,20,10.0,6,2.333333333333333,0,,1,99.0
767,4,167,20,10.0,10,5.3,28,38.857142857142854,14,58.714285714285715
768,4,168,20,10.0,3,4.333333333333333,3,52.0,9,38.111111111111114
769,4,169,20,10.0,15,5.0,11,37.54545454545455,5,75.0
770,4,170,20,10.0,35,7.457142857142857,3,53.0,12,54.75
771,4,171,17,10.0,0,,3,52.0,8,90.0
772,4,172,11,10.0,1,11.0,0,,2,88.5
773,4,173,11,10.0,0,,3,53.0,12,52.5
774,4,174,12,10.0,0,,24,37.91666666666666,2,87.5
775,4,175,13,10.0,0,,6,52.5,9,50.33333333333334
776,4,176,12,10.0,0,,5,52.6,8,43.75
777,4,177,12,10.0,1,11.0,8,52.75,9,73.66666666666667
778,4,178,5,10.0,1,11.0,5,35.0,7,78.42857142857143
779,4,179,11,10.0,0,,0,,6,75.0
780,4,180,10,10.0,19,11.947368421052632,11,44.54545454545455,12,61.0
781,4,181,11,10.0,0,,9,46.77777777777778,0,
782,4,182,11,10.0,2,11.0,18,39.0,0,
783,4,183,13,10.0,1,11.0,3,53.0,0,
784,4,184,8,10.0,1,11.0,6,52.5,12,67.25
785,4,185,14,10.0,25,10.04,0,,27,72.55555555555556
786,4,186,6,10.0,1,11.0,8,30.875,11,78.0
787,4,187,10,10.0,0,,10,35.7,0,
788,4,188,8,10.0,12,11.916666666666664,5,38.6,0,
789,4,189,10,10.0,2,11.0,20,35.0,2,80.0
790,4,190,12,10.0,2,11.0,8,41.75,9,58.555555555555564
791,4,191,8,10.0,0,,8,41.375,8,78.0
792,4,192,10,10.0,1,11.0,2,53.0,6,27.0
793,4,193,9,10.0,1,11.0,7,35.0,10,97.0
794,4,194,7,10.0,1,11.0,8,31.75,8,78.0
795,4,195,11,10.0,1,11.0,3,53.0,5,75.0
796,4,196,0,,2,11.0,0,,8,98.125
797,4,197,0,,1,11.0,4,53.0,3,83.33333333333333
798,4,198,0,,0,,0,,9,96.22222222222223
799,4,199,0,,0,,0,,10,88.6
800,5,0,20,10.0,0,,0,,0,
801,5,1,20,10.0,0,,0,,0,
802,5,2,20,10.0,5,1.4,3,14.0,0,
803,5,3,20,10.0,4,1.0,4,14.0,0,
804,5,4,20,10.0,14,1.5,9,28.444444444444446,8,18.0
805,5,5,20,10.0,15,1.0,18,21.222222222222218,9,16.0
806,5,6,20,10.0,19,1.947368421052632,20,29.25,12,49.33333333333334
807,5,7,20,10.0,6,1.1666666666666667,45,24.444444444444446,4,50.0
808,5,8,20,10.0,80,3.75,70,25.92857142857143,4,50.0
809,5,9,20,10.0,6,1.3333333333333333,60,27.0,8,50.0
810,5,10,20,10.0,13,3.3846153846153846,70,23.42857142857143,12,49.66666666666666
811,5,11,20,10.0,1,4.0,75,25.2,9,49.0
812,5,12,20,10.0,3,3.0,65,25.07692307692308,24,48.875
813,5,13,20,10.0,13,2.5384615384615383,88,21.329545454545453,11,49.81818181818182
814,5,14,20,10.0,18,1.3888888888888888,14,23.285714285714285,1,50.0
815,5,15,20,10.0,7,1.1428571428571428,9,13.444444444444445,0,
816,5,16,20,10.0,8,1.0,15,17.333333333333332,7,16.0
817,5,17,20,10.0,10,1.7,20,19.75,0,
818,5,18,20,10.0,11,2.8181818181818183,29,20.206896551724142,5,49.4
819,5,19,20,10.0,10,1.0,10,26.0,11,49.27272727272727
820,5,20,20,10.0,19,1.6842105263157894,60,24.0,20,49.8
821,5,21,20,10.0,8,1.625,40,26.0,10,35.8
822,5,22,20,10.0,7,1.5714285714285714,35,17.142857142857142,10,49.0
823,5,23,20,10.0,6,3.0,5,26.0,6,50.0
824,5,24,20,10.0,44,4.75,18,13.722222222222221,8,24.5
825,5,25,20,10.0,34,3.117647058823529,20,19.75,0,
826,5,26,20,10.0,5,1.0,5,14.0,4,50.0
827,5,27,20,10.0,1,1.0,29,22.103448275862064,1,49.0
828,5,28,20,10.0,12,1.75,50,21.2,19,50.368421052631575
829,5,29,20,10.0,11,2.363636363636364,25,28.4,6,50.0
830,5,30,20,10.0,3,1.0,40,26.0,1,50.0
831,5,31,20,10.0,8,1.625,20,19.75,0,
832,5,32,20,10.0,4,3.25,10,26.0,19,50.57894736842106
833,5,33,20,10.0,41,1.5609756097560976,10,13.5,0,
834,5,34,20,10.0,20,1.2,20,13.25,4,49.0
835,5,35,20,10.0,36,1.0833333333333333,10,19.5,7,49.42857142857143
836,5,36,20,10.0,16,1.0,15,22.0,10,50.0
837,5,37,20,10.0,6,2.1666666666666665,30,30.000000000000004,0,
838,5,38,20,10.0,13,1.0,45,24.66666666666667,8,33.0
839,5,39,20,10.0,21,1.9047619047619049,70,24.214285714285715,6,49.0
840,5,40,20,10.0,8,1.375,35,26.0,16,36.9375
841,5,41,20,10.0,4,4.0,5,14.0,2,49.0
842,5,42,20,10.0,29,2.0,25,21.0,8,49.5
843,5,43,20,10.0,24,3.208333333333333,9,20.666666666666668,18,48.72222222222222
844,5,44,20,10.0,39,4.846153846153847,14,23.285714285714285,4,50.0
845,5,45,20,10.0,70,1.4428571428571428,56,14.821428571428573,8,21.875
846,5,46,20,10.0,13,1.3076923076923077,45,24.66666666666667,4,50.0
847,5,47,20,10.0,20,8.1,54,22.37037037037037,0,
848,5,48,20,10.0,13,1.0,39,24.051282051282055,6,49.33333333333334
849,5,49,20,10.0,15,1.0,0,,14,49.28571428571429
850,5,50,20,10.0,14,1.5,81,19.80246913580247,19,27.78947368421053
851,5,51,20,10.0,17,2.8823529411764706,25,14.6,30,14.333333333333336
852,5,52,20,10.0,7,1.2857142857142858,32,14.375,34,14.352941176470587
853,5,53,20,10.0,12,2.4166666666666665,63,20.58730158730159,9,14.0
854,5,54,20,10.0,9,1.3333333333333333,0,,8,17.0
855,5,55,20,10.0,9,2.333333333333333,74,22.91891891891892,25,14.72
856,5,56,20,10.0,8,2.25,75,24.72,0,
857,5,57,20,10.0,10,2.7,82,26.731707317073173,29,15.241379310344827
858,5,58,20,10.0,10,1.0,131,25.083969465648856,28,15.714285714285715
859,5,59,20,10.0,17,1.9411764705882355,87,24.26436781609195,15,13.4
860,5,60,20,10.0,7,3.571428571428572,29,13.482758620689655,0,
861,5,61,20,10.0,72,3.6666666666666665,24,13.375,9,18.0
862,5,62,20,10.0,53,6.283018867924527,9,14.0,5,18.0
863,5,63,20,10.0,8,2.125,5,14.0,4,50.0
864,5,64,20,10.0,9,2.333333333333333,10,14.0,8,49.5
865,5,65,20,10.0,12,3.583333333333333,69,24.43478260869565,4,49.0
866,5,66,20,10.0,33,2.060606060606061,49,21.244897959183675,4,50.0
867,5,67,20,10.0,3,5.0,43,20.976744186046513,7,50.0
868,5,68,20,10.0,28,1.1428571428571428,14,13.642857142857142,10,26.0
869,5,69,20,10.0,9,3.4444444444444446,15,17.333333333333332,4,49.0
870,5,70,20,10.0,7,1.5714285714285714,19,13.73684210526316,8,41.5
871,5,71,20,10.0,15,1.0,10,14.0,28,48.42857142857143
872,5,72,20,10.0,2,1.5,35,25.857142857142854,2,50.0
873,5,73,20,10.0,18,3.0,55,26.0,4,50.0
874,5,74,20,10.0,3,5.0,45,27.33333333333333,1,50.0
875,5,75,20,10.0,1,2.0,50,23.5,15,38.266666666666666
876,5,76,20,10.0,4,2.75,35,20.714285714285715,6,49.0
877,5,77,20,10.0,15,1.0,10,13.5,9,50.0
878,5,78,20,10.0,30,1.2666666666666666,14,18.285714285714285,28,48.0
879,5,79,20,10.0,9,2.333333333333333,5,13.0,6,50.0
880,5,80,20,10.0,24,3.0,0,,4,50.0
881,5,81,20,10.0,26,2.4230769230769234,9,27.33333333333333,6,49.66666666666666
882,5,82,20,10.0,6,3.333333333333333,35,24.285714285714285,6,50.0
883,5,83,20,10.0,0,,65,26.0,8,49.5
884,5,84,20,10.0,6,1.0,10,26.0,9,21.555555555555557
885,5,85,20,10.0,12,2.75,30,21.83333333333333,7,49.14285714285714
886,5,86,20,10.0,12,1.75,5,14.0,8,16.0
887,5,87,20,10.0,13,1.6153846153846154,5,13.0,6,49.33333333333334
888,5,88,20,10.0,30,6.0,20,13.25,4,50.0
889,5,89,20,10.0,12,2.5,5,13.0,10,49.6
890,5,90,20,10.0,15,2.2,24,18.791666666666664,5,49.6
891,5,91,20,10.0,9,2.4444444444444446,5,38.0,8,50.0
892,5,92,20,10.0,3,1.0,55,26.0,10,50.0
893,5,93,20,10.0,18,1.8333333333333333,74,24.540540540540537,13,36.615384615384606
894,5,94,20,10.0,2,4.0,35,22.57142857142857,4,49.0
895,5,95,20,10.0,14,2.2142857142857144,50,23.5,8,50.0
896,5,96,20,10.0,37,4.405405405405405,15,13.666666666666664,5,16.0
897,5,97,20,10.0,2,3.0,5,26.0,4,49.0
898,5,98,20,10.0,38,1.3947368421052628,20,20.0,4,50.0
899,5,99,20,10.0,28,1.0357142857142858,5,38.0,7,49.85714285714285
900,5,100,20,10.0,32,2.4375,5,38.0,17,33.64705882352941
901,5,101,20,10.0,4,1.0,10,26.0,4,50.0
902,5,102,20,10.0,3,5.0,15,26.0,8,49.375
903,5,103,20,10.0,11,2.5454545454545454,0,,4,49.0
904,5,104,20,10.0,9,1.1111111111111112,0,,0,
905,5,105,20,10.0,28,1.3571428571428572,0,,3,50.0
906,5,106,20,10.0,0,,5,26.0,6,50.0
907,5,107,20,10.0,2,1.5,5,14.0,15,26.53333333333333
908,5,108,20,10.0,4,1.0,5,38.0,11,31.363636363636363
909,5,109,20,10.0,13,2.8461538461538463,10,38.0,9,49.88888888888889
910,5,110,20,10.0,9,3.6666666666666665,5,38.0,15,31.4
911,5,111,20,10.0,8,2.625,0,,5,49.2
912,5,112,20,10.0,7,2.0,0,,0,
913,5,113,20,10.0,5,1.0,5,40.0,5,49.2
914,5,114,20,10.0,2,1.0,0,,4,49.0
915,5,115,20,10.0,5,1.0,5,40.0,15,38.4
916,5,116,20,10.0,1,1.0,15,38.0,26,38.92307692307692
917,5,117,20,10.0,2,1.5,10,38.0,12,49.66666666666666
918,5,118,20,10.0,11,2.5454545454545454,5,38.0,6,16.0
919,5,119,20,10.0,12,1.3333333333333333,5,38.0,18,38.22222222222222
920,5,120,20,10.0,6,2.0,5,38.0,12,32.5
921,5,121,20,10.0,1,2.0,0,,12,49.33333333333334
922,5,122,20,10.0,8,1.5,5,14.0,22,48.0
923,5,123,20,10.0,8,1.75,0,,6,50.0
924,5,124,20,10.0,6,2.0,5,40.0,0,
925,5,125,20,10.0,0,,5,14.0,8,49.5
926,5,126,20,10.0,8,3.125,5,38.0,4,16.0
927,5,127,20,10.0,14,1.5714285714285714,5,38.0,10,29.2
928,5,128,20,10.0,7,1.4285714285714286,5,38.0,10,49.0
929,5,129,20,10.0,3,1.3333333333333333,10,38.0,11,29.272727272727273
930,5,130,20,10.0,0,,0,,16,33.0
931,5,131,20,10.0,7,3.8571428571428568,0,,8,50.0
932,5,132,20,10.0,5,2.0,0,,26,44.03846153846154
933,5,133,20,10.0,14,1.5,5,26.0,15,48.0
934,5,134,20,10.0,11,1.0,0,,12,50.0
935,5,135,20,10.0,5,1.0,15,38.0,1,50.0
936,5,136,20,10.0,7,2.571428571428572,10,26.0,18,25.16666666666667
937,5,137,20,10.0,4,1.25,10,38.0,8,49.5
938,5,138,20,10.0,3,3.0,5,38.0,14,49.28571428571429
939,5,139,20,10.0,7,2.2857142857142856,0,,22,37.81818181818182
940,5,140,20,10.0,6,4.333333333333333,0,,7,49.42857142857143
941,5,141,20,10.0,9,3.555555555555556,0,,10,49.6
942,5,142,20,10.0,2,1.0,10,26.0,4,50.0
943,5,143,20,10.0,5,2.6,5,40.0,6,16.0
944,5,144,20,10.0,5,1.0,10,38.0,4,50.0
945,5,145,20,10.0,2,3.0,10,38.0,23,32.56521739130435
946,5,146,20,10.0,21,1.380952380952381,5,38.0,14,35.0
947,5,147,20,10.0,6,4.0,5,38.0,10,49.0
948,5,148,20,10.0,10,2.5,5,38.0,8,50.0
949,5,149,20,10.0,8,1.625,0,,9,49.444444444444436
950,5,150,20,10.0,4,3.25,0,,10,49.6
951,5,151,20,10.0,5,3.4,5,40.0,5,50.0
952,5,152,20,10.0,26,2.0769230769230766,5,40.0,7,50.0
953,5,153,20,10.0,5,1.0,5,26.0,4,50.0
954,5,154,20,10.0,18,1.0555555555555556,5,38.0,10,32.9
955,5,155,20,10.0,8,1.75,20,38.0,11,49.0
956,5,156,20,10.0,16,2.5625,5,38.0,5,16.0
957,5,157,20,10.0,1,2.0,0,,33,28.424242424242426
958,5,158,20,10.0,8,2.375,0,,42,50.714285714285715
959,5,159,20,10.0,1,2.0,5,40.0,4,50.0
960,5,160,20,10.0,1,1.0,10,26.0,0,
961,5,161,20,10.0,16,2.625,0,,0,
962,5,162,20,10.0,10,1.4,5,38.0,6,16.0
963,5,163,20,10.0,8,2.625,10,38.0,5,18.0
964,5,164,20,10.0,7,1.7142857142857142,10,38.0,8,49.5
965,5,165,20,10.0,4,4.0,5,38.0,4,49.0
966,5,166,20,10.0,13,3.0769230769230766,5,38.0,4,50.0
967,5,167,20,10.0,15,1.3333333333333333,0,,0,
968,5,168,20,10.0,15,1.4,0,,21,48.57142857142857
969,5,169,20,10.0,2,5.0,10,33.0,4,49.0
970,5,170,20,10.0,1,2.0,5,40.0,11,29.63636363636364
971,5,171,20,10.0,7,1.7142857142857142,0,,10,49.6
972,5,172,20,10.0,8,4.0,15,38.0,10,50.0
973,5,173,20,10.0,4,4.0,5,38.0,6,49.0
974,5,174,20,10.0,17,4.117647058823529,0,,4,49.0
975,5,175,20,10.0,0,,0,,23,50.65217391304348
976,5,176,20,10.0,1,2.0,5,26.0,18,48.27777777777778
977,5,177,20,10.0,14,1.4285714285714286,5,40.0,0,
978,5,178,20,10.0,4,1.0,5,40.0,0,
979,5,179,20,10.0,15,1.0666666666666669,15,38.0,6,49.16666666666666
980,5,180,20,10.0,0,,5,38.0,0,
981,5,181,20,10.0,3,2.0,5,38.0,14,49.42857142857143
982,5,182,20,10.0,1,1.0,5,38.0,10,49.0
983,5,183,20,10.0,26,1.6538461538461535,0,,44,44.27272727272727
984,5,184,20,10.0,9,1.0,0,,4,49.0
985,5,185,20,10.0,0,,0,,6,50.0
986,5,186,20,10.0,1,2.0,5,40.0,0,
987,5,187,20,10.0,11,2.9090909090909087,5,40.0,7,16.0
988,5,188,20,10.0,8,3.0,15,38.0,8,49.5
989,5,189,20,10.0,6,1.1666666666666667,10,32.0,19,34.526315789473685
990,5,190,20,10.0,5,3.2,5,38.0,17,35.411764705882355
991,5,191,20,10.0,6,1.0,5,38.0,8,50.0
992,5,192,20,10.0,17,1.2941176470588236,0,,15,49.6
993,5,193,20,10.0,9,2.333333333333333,0,,4,50.0
994,5,194,20,10.0,4,1.25,5,14.0,6,49.33333333333334
995,5,195,20,10.0,13,2.1538461538461537,0,,4,49.25
996,5,196,0,,1,2.0,5,14.0,7,49.57142857142857
997,5,197,0,,1,2.0,0,,2,50.0
998,5,198,0,,0,,0,,4,50.0
999,5,199,0,,0,,0,,21,50.0
1000,6,0,14,10.0,0,,0,,0,
1001,6,1,16,10.0,0,,0,,55,17.29090909090909
1002,6,2,17,10.0,1,1.0,5,7.8,38,17.526315789473685
1003,6,3,9,10.0,36,5.277777777777779,36,13.666666666666664,15,18.066666666666666
1004,6,4,15,10.0,8,17.125,82,7.3414634146341475,17,17.823529411764707
1005,6,5,13,10.0,11,7.0,5,7.4,37,18.45945945945946
1006,6,6,13,10.0,20,4.5,52,9.923076923076923,31,18.354838709677423
1007,6,7,9,10.0,59,6.52542372881356,24,14.958333333333336,62,21.967741935483872
1008,6,8,8,10.0,14,23.0,17,3.5294117647058822,98,28.877551020408163
1009,6,9,9,10.0,19,9.31578947368421,12,21.75,119,27.336134453781508
1010,6,10,9,10.0,29,13.310344827586205,78,14.346153846153848,86,30.046511627906977
1011,6,11,12,10.0,14,12.285714285714285,23,11.173913043478262,79,30.468354430379748
1012,6,12,11,10.0,5,4.0,50,6.8,57,35.0
1013,6,13,8,10.0,8,13.75,46,7.804347826086956,51,18.764705882352946
1014,6,14,12,10.0,9,15.0,21,10.238095238095235,35,28.6
1015,6,15,10,10.0,17,4.529411764705882,41,12.390243902439027,8,18.5
1016,6,16,11,10.0,13,8.384615384615385,24,10.291666666666666,71,19.70422535211268
1017,6,17,9,10.0,27,12.0,18,30.777777777777782,47,20.148936170212764
1018,6,18,8,10.0,0,,30,14.333333333333336,31,17.258064516129032
1019,6,19,11,10.0,0,,31,17.258064516129032,119,29.529411764705888
1020,6,20,13,10.0,16,4.6875,33,8.151515151515152,99,31.474747474747478
1021,6,21,9,10.0,0,,50,7.34,20,22.0
1022,6,22,8,10.0,7,17.0,31,1.7741935483870968,28,20.214285714285715
1023,6,23,8,10.0,11,15.090909090909092,22,14.727272727272727,59,17.610169491525422
1024,6,24,9,10.0,7,3.4285714285714284,47,11.893617021276595,53,18.169811320754715
1025,6,25,9,10.0,3,17.0,60,7.016666666666668,61,20.836065573770487
1026,6,26,10,10.0,29,7.068965517241379,17,6.764705882352941,37,21.0
1027,6,27,10,10.0,7,2.0,33,9.787878787878787,62,36.451612903225815
1028,6,28,8,10.0,0,,7,9.142857142857142,83,26.807228915662645
1029,6,29,13,10.0,12,10.916666666666664,61,16.114754098360656,68,22.485294117647058
1030,6,30,9,10.0,16,9.5,76,4.434210526315789,44,25.90909090909091
1031,6,31,10,10.0,6,10.0,13,17.0,36,18.33333333333333
1032,6,32,15,10.0,19,6.052631578947367,13,15.076923076923075,7,19.0
1033,6,33,5,10.0,11,1.0,14,2.357142857142857,10,19.0
1034,6,34,11,10.0,31,5.096774193548387,29,9.655172413793103,33,28.818181818181817
1035,6,35,9,10.0,8,11.0,35,8.685714285714285,61,25.147540983606557
1036,6,36,9,10.0,7,10.0,32,6.375,56,32.92857142857143
1037,6,37,10,10.0,5,4.0,9,13.111111111111109,75,33.08
1038,6,38,12,10.0,1,1.0,43,12.767441860465114,17,16.411764705882348
1039,6,39,10,10.0,5,3.0,14,8.714285714285714,49,23.061224489795922
1040,6,40,9,10.0,0,,42,10.69047619047619,34,17.558823529411768
1041,6,41,11,10.0,3,2.0,19,12.0,24,18.33333333333333
1042,6,42,11,10.0,8,1.0,10,22.0,46,17.0
1043,6,43,9,10.0,2,4.0,34,12.323529411764708,30,21.86666666666667
1044,6,44,11,10.0,2,18.0,25,21.52,115,29.10434782608696
1045,6,45,10,10.0,2,1.0,5,41.0,112,29.732142857142854
1046,6,46,10,10.0,1,6.0,26,13.5,18,23.0
1047,6,47,11,10.0,8,2.625,20,12.8,32,24.0625
1048,6,48,5,10.0,8,3.625,14,4.857142857142857,74,17.594594594594593
1049,6,49,8,10.0,0,,5,40.0,29,20.86206896551724
1050,6,50,9,10.0,2,2.0,41,20.756097560975608,14,17.0
1051,6,51,7,10.0,4,1.0,5,40.0,89,17.56179775280899
1052,6,52,8,10.0,5,2.0,73,10.328767123287669,96,17.843749999999996
1053,6,53,12,10.0,0,,22,17.0,10,18.0
1054,6,54,10,10.0,5,3.0,10,23.5,16,16.0
1055,6,55,8,10.0,0,,9,25.0,7,16.0
1056,6,56,9,10.0,6,4.333333333333333,0,,17,17.411764705882348
1057,6,57,6,10.0,5,1.0,5,3.0,7,13.0
1058,6,58,12,10.0,0,,30,16.633333333333333,0,
1059,6,59,8,10.0,5,1.0,9,25.11111111111111,0,
1060,6,60,13,10.0,5,1.0,33,11.12121212121212,7,19.0
1061,6,61,10,10.0,0,,59,19.32203389830509,10,19.0
1062,6,62,11,10.0,2,1.0,8,4.0,0,
1063,6,63,12,10.0,2,1.0,11,20.09090909090909,0,
1064,6,64,7,10.0,5,1.4,10,30.6,0,
1065,6,65,11,10.0,12,17.0,7,36.42857142857143,20,51.0
1066,6,66,12,10.0,8,4.0,9,32.0,7,52.42857142857143
1067,6,67,12,10.0,10,3.0,5,41.0,20,51.0
1068,6,68,11,10.0,0,,0,,3,53.0
1069,6,69,11,10.0,5,1.0,5,40.0,10,51.0
1070,6,70,12,10.0,0,,10,28.9,0,
1071,6,71,14,10.0,10,2.5,24,4.625,10,54.0
1072,6,72,8,10.0,14,10.642857142857142,5,40.0,13,28.07692307692308
1073,6,73,11,10.0,0,,6,35.833333333333336,0,
1074,6,74,10,10.0,0,,7,19.571428571428573,10,54.0
1075,6,75,10,10.0,0,,0,,30,51.0
1076,6,76,6,10.0,5,1.0,6,37.833333333333336,10,51.0
1077,6,77,12,10.0,5,3.0,1,1.0,0,
1078,6,78,12,10.0,19,2.263157894736842,19,12.842105263157894,10,51.0
1079,6,79,8,10.0,5,3.0,11,4.2727272727272725,0,
1080,6,80,6,10.0,0,,5,41.0,9,19.0
1081,6,81,9,10.0,0,,21,13.428571428571427,10,54.0
1082,6,82,11,10.0,10,2.5,43,19.372093023255815,10,51.0
1083,6,83,6,10.0,0,,6,36.333333333333336,0,
1084,6,84,14,10.0,0,,3,19.0,0,
1085,6,85,8,10.0,7,3.1428571428571432,5,15.0,0,
1086,6,86,9,10.0,1,7.0,15,2.2666666666666666,0,
1087,6,87,12,10.0,0,,2,26.0,11,37.54545454545455
1088,6,88,5,10.0,4,5.0,0,,0,
1089,6,89,14,10.0,35,3.2,5,41.0,10,51.0
1090,6,90,9,10.0,0,,0,,7,52.42857142857143
1091,6,91,12,10.0,4,5.0,5,41.0,3,52.0
1092,6,92,8,10.0,0,,40,23.25,12,19.0
1093,6,93,8,10.0,5,4.0,16,12.3125,7,52.42857142857143
1094,6,94,12,10.0,5,15.0,0,,0,
1095,6,95,10,10.0,3,3.0,11,11.272727272727273,5,52.8
1096,6,96,9,10.0,4,1.75,1,13.0,3,53.0
1097,6,97,7,10.0,0,,5,1.0,10,51.0
1098,6,98,12,10.0,12,4.0,9,29.88888888888889,4,53.0
1099,6,99,8,10.0,2,1.0,10,22.5,0,
1100,6,100,9,10.0,5,1.0,0,,17,36.058823529411775
1101,6,101,7,10.0,5,3.0,4,1.0,4,53.0
1102,6,102,8,10.0,5,3.8,38,27.0,9,35.0
1103,6,103,10,10.0,8,4.0,0,,2,53.0
1104,6,104,12,10.0,5,1.0,15,2.0,20,51.0
1105,6,105,8,10.0,0,,3,1.0,10,53.0
1106,6,106,8,10.0,13,9.307692307692307,5,5.0,1,53.0
1107,6,107,12,10.0,2,3.0,18,17.722222222222218,3,53.0
1108,6,108,9,10.0,9,3.111111111111111,5,41.0,0,
1109,6,109,7,10.0,0,,5,27.0,11,19.0
1110,6,110,11,10.0,7,1.5714285714285714,9,13.0,0,
1111,6,111,7,10.0,0,,9,25.444444444444446,3,52.0
1112,6,112,9,10.0,5,1.0,14,20.071428571428573,9,52.66666666666666
1113,6,113,9,10.0,9,11.0,23,8.217391304347826,9,52.66666666666666
1114,6,114,7,10.0,14,2.142857142857143,8,17.625,20,51.0
1115,6,115,5,10.0,2,3.0,9,31.222222222222218,3,53.0
1116,6,116,10,10.0,0,,4,3.5,3,53.0
1117,6,117,10,10.0,0,,0,,0,
1118,6,118,12,10.0,0,,41,22.365853658536587,5,52.6
1119,6,119,14,10.0,5,6.8,8,26.75,0,
1120,6,120,10,10.0,0,,2,2.0,6,53.0
1121,6,121,12,10.0,7,3.2857142857142856,14,9.071428571428571,7,19.0
1122,6,122,11,10.0,7,2.4285714285714284,4,3.0,6,53.0
1123,6,123,10,10.0,1,8.0,6,10.333333333333334,2,53.0
1124,6,124,13,10.0,4,5.0,5,2.0,10,51.0
1125,6,125,11,10.0,10,2.0,5,41.0,8,53.0
1126,6,126,9,10.0,4,5.0,5,41.0,3,53.0
1127,6,127,10,10.0,0,,30,17.833333333333332,0,
1128,6,128,11,10.0,10,3.5,5,41.0,3,52.0
1129,6,129,11,10.0,5,3.0,28,16.928571428571427,15,19.0
1130,6,130,6,10.0,5,3.0,5,7.0,3,52.0
1131,6,131,9,10.0,1,1.0,8,14.0,0,
1132,6,132,10,10.0,4,1.0,5,7.8,0,
1133,6,133,11,10.0,3,2.0,22,3.0909090909090913,3,53.0
1134,6,134,10,10.0,5,5.0,12,3.5,0,
1135,6,135,16,10.0,0,,5,3.0,5,52.6
1136,6,136,10,10.0,1,3.0,40,22.75,3,53.0
1137,6,137,11,10.0,5,2.2,5,41.0,15,42.0
1138,6,138,13,10.0,0,,0,,8,53.0
1139,6,139,14,10.0,0,,5,41.0,3,53.0
1140,6,140,9,10.0,5,2.0,21,15.190476190476188,16,39.5
1141,6,141,12,10.0,8,6.5,13,4.384615384615385,4,53.0
1142,6,142,12,10.0,9,2.6666666666666665,5,40.0,5,38.6
1143,6,143,12,10.0,1,5.0,5,41.0,6,53.0
1144,6,144,13,10.0,2,1.0,25,3.16,7,52.28571428571429
1145,6,145,11,10.0,0,,5,40.0,0,
1146,6,146,9,10.0,14,1.0,6,35.833333333333336,8,35.0
1147,6,147,12,10.0,5,4.0,10,20.0,12,52.16666666666666
1148,6,148,11,10.0,4,19.0,28,15.107142857142858,6,53.0
1149,6,149,7,10.0,0,,12,2.583333333333333,0,
1150,6,150,11,10.0,5,4.2,8,1.625,0,
1151,6,151,13,10.0,3,9.0,5,5.0,10,51.0
1152,6,152,11,10.0,10,3.0,11,8.454545454545455,0,
1153,6,153,10,10.0,0,,14,24.214285714285715,0,
1154,6,154,11,10.0,0,,16,13.0,7,52.42857142857143
1155,6,155,10,10.0,5,1.6,20,20.25,6,52.0
1156,6,156,10,10.0,1,1.0,15,27.0,21,35.666666666666664
1157,6,157,9,10.0,0,,5,1.0,0,
1158,6,158,7,10.0,5,1.0,0,,3,53.0
1159,6,159,9,10.0,8,5.875,6,10.666666666666666,5,52.8
1160,6,160,10,10.0,7,1.0,21,17.476190476190474,0,
1161,6,161,9,10.0,3,1.0,26,3.0,10,51.0
1162,6,162,10,10.0,9,4.0,0,,6,53.0
1163,6,163,9,10.0,4,4.0,14,6.0,4,52.5
1164,6,164,13,10.0,0,,15,24.86666666666667,3,52.0
1165,6,165,10,10.0,0,,21,30.33333333333333,5,17.0
1166,6,166,11,10.0,0,,7,35.285714285714285,0,
1167,6,167,9,10.0,7,1.0,14,4.214285714285714,0,
1168,6,168,10,10.0,0,,32,21.03125,4,52.5
1169,6,169,12,10.0,8,17.0,6,1.6666666666666667,6,52.0
1170,6,170,12,10.0,17,1.8235294117647056,35,10.685714285714283,30,51.0
1171,6,171,11,10.0,0,,10,33.5,10,51.0
1172,6,172,13,10.0,0,,10,14.0,10,51.0
1173,6,173,10,10.0,7,1.7142857142857142,17,22.882352941176467,0,
1174,6,174,13,10.0,18,3.2777777777777777,5,6.0,0,
1175,6,175,10,10.0,5,2.0,18,13.166666666666664,0,
1176,6,176,11,10.0,0,,9,19.555555555555557,13,35.0
1177,6,177,12,10.0,0,,5,41.0,6,52.0
1178,6,178,13,10.0,0,,29,14.965517241379311,0,
1179,6,179,13,10.0,4,5.0,12,17.666666666666668,0,
1180,6,180,10,10.0,7,1.7142857142857142,6,5.0,0,
1181,6,181,15,10.0,2,2.0,27,22.407407407407412,17,41.352941176470594
1182,6,182,11,10.0,8,7.75,3,25.0,10,54.0
1183,6,183,7,10.0,0,,0,,20,51.0
1184,6,184,14,10.0,5,3.0,16,12.0,3,53.0
1185,6,185,8,10.0,13,1.0,11,22.818181818181817,0,
1186,6,186,12,10.0,5,2.0,5,40.0,17,28.411764705882355
1187,6,187,11,10.0,9,5.888888888888888,8,26.0,0,
1188,6,188,9,10.0,9,11.555555555555555,19,25.73684210526316,8,19.0
1189,6,189,8,10.0,5,1.0,4,2.0,4,53.0
1190,6,190,11,10.0,1,2.0,4,7.75,0,
1191,6,191,13,10.0,5,1.0,5,13.6,10,51.0
1192,6,192,11,10.0,5,5.6,10,2.5,20,51.0
1193,6,193,9,10.0,0,,5,2.0,10,51.0
1194,6,194,10,10.0,0,,9,8.888888888888891,2,53.0
1195,6,195,11,10.0,0,,15,2.333333333333333,0,
1196,6,196,0,,4,3.0,0,,0,
1197,6,197,0,,4,5.0,2,5.0,10,19.0
1198,6,198,0,,0,,0,,0,
1199,6,199,0,,0,,0,,4,52.75
